Car_1_Station,Car_1_ArrivalTime,Car_2_Station,Car_2_ArrivalTime,Car_3_Station,Car_3_ArrivalTime,Car_4_Station,Car_4_ArrivalTime,Car_5_Station,Car_5_ArrivalTime,Car_6_Station,Car_6_ArrivalTime,Car_7_Station,Car_7_ArrivalTime,Car_8_Station,Car_8_ArrivalTime,Car_9_Station,Car_9_ArrivalTime,Car_10_Station,Car_10_ArrivalTime,Car_11_Station,Car_11_ArrivalTime,Car_12_Station,Car_12_ArrivalTime,Car_13_Station,Car_13_ArrivalTime,Car_14_Station,Car_14_ArrivalTime,Car_15_Station,Car_15_ArrivalTime,Car_16_Station,Car_16_ArrivalTime,Car_17_Station,Car_17_ArrivalTime,Car_18_Station,Car_18_ArrivalTime,Car_19_Station,Car_19_ArrivalTime,Car_20_Station,Car_20_ArrivalTime,Car_21_Station,Car_21_ArrivalTime,Car_22_Station,Car_22_ArrivalTime,Car_23_Station,Car_23_ArrivalTime,Car_24_Station,Car_24_ArrivalTime,Car_25_Station,Car_25_ArrivalTime,Car_26_Station,Car_26_ArrivalTime,Car_27_Station,Car_27_ArrivalTime,Car_28_Station,Car_28_ArrivalTime,Car_29_Station,Car_29_ArrivalTime,Car_30_Station,Car_30_ArrivalTime
2,13.5,2,9.600000000000001,2,6.4,2,3.0,3,12.4,3,9.0,3,5.6000000000000005,3,2.3000000000000003,4,11.4,4,8.3,4,4.6000000000000005,4,1.3,5,10.5,5,6.9,5,3.9000000000000004,6.0,13.100000000000001,6,9.9,6,6.300000000000001,6,2.8000000000000003,7.0,12.8,7,9.5,7,5.800000000000001,7,2.2,8,11.200000000000001,8,8.200000000000001,8,5.0,8,1.3,1,10.100000000000001,1,7.1000000000000005,1,3.9000000000000004
3,25.700000000000003,3,22.400000000000002,3,19.400000000000002,3,15.700000000000001,4,24.700000000000003,4,21.8,4,18.5,4,15.100000000000001,5,24.200000000000003,5,20.8,5,17.400000000000002,5,13.9,6,23.3,6,19.700000000000003,6,16.2,7.0,25.5,7,22.200000000000003,7,19.200000000000003,7,16.1,8.0,24.700000000000003,8,21.3,8,18.1,8,14.8,1,23.700000000000003,1,19.8,1,17.1,1,13.4,2,24.0,2,20.700000000000003,2,17.400000000000002
4,38.7,4,35.4,4,32.0,4,28.5,5,37.6,5,34.0,5,30.700000000000003,5,27.400000000000002,6,37.2,6,33.9,6,30.400000000000002,6,26.6,7,36.0,7,32.4,7,28.8,8.0,38.300000000000004,8,35.0,8,31.700000000000003,8,28.0,1.0,37.7,1,34.2,1,30.8,1,27.400000000000002,2,37.6,2,34.300000000000004,2,31.0,2,27.700000000000003,3,36.5,3,33.1,3,29.5
5,51.5,5,48.2,5,44.7,5,41.1,6,50.800000000000004,6,47.2,6,43.6,6,40.300000000000004,7,49.6,7,46.300000000000004,7,43.0,7,39.5,8,48.7,8,45.1,8,41.7,1.0,51.6,1,48.300000000000004,1,45.300000000000004,1,41.7,2.0,50.2,2,47.7,2,44.300000000000004,2,41.0,3,50.0,3,46.400000000000006,3,43.300000000000004,3,40.0,4,49.7,4,45.900000000000006,4,42.300000000000004
6,64.5,6,61.2,6,57.7,6,54.400000000000006,7,63.2,7,60.0,7,56.5,7,52.900000000000006,8,62.6,8,59.1,8,55.800000000000004,8,52.400000000000006,1,61.6,1,58.2,1,54.6,2.0,64.60000000000001,2,61.2,2,57.6,2,54.0,3.0,63.7,3,60.300000000000004,3,56.900000000000006,3,53.6,4,63.5,4,60.0,4,56.5,4,52.900000000000006,5,62.0,5,58.6,5,55.0
7,77.2,7,73.60000000000001,7,70.4,7,66.8,8,76.80000000000001,8,73.2,8,69.5,8,66.2,1,76.10000000000001,1,72.5,1,68.9,1,65.10000000000001,2,74.9,2,71.8,2,68.2,3.0,77.2,3,73.8,3,70.60000000000001,3,67.2,4.0,76.60000000000001,4,73.2,4,70.0,4,66.9,5,75.7,5,72.10000000000001,5,69.10000000000001,5,65.4,6,74.60000000000001,6,71.5,6,68.0
8,90.60000000000001,8,86.80000000000001,8,83.4,8,79.80000000000001,1,89.4,1,85.9,1,82.7,1,79.4,2,88.80000000000001,2,85.2,2,81.80000000000001,2,78.4,3,87.2,3,84.10000000000001,3,80.60000000000001,4.0,89.9,4,86.80000000000001,4,83.30000000000001,4,79.80000000000001,5.0,89.7,5,86.2,5,82.80000000000001,5,79.4,6,88.10000000000001,6,84.80000000000001,6,81.5,6,78.2,7,87.5,7,84.10000000000001,7,80.60000000000001
1,103.0,1,99.5,1,96.4,1,92.9,2,102.0,2,98.7,2,95.30000000000001,2,92.10000000000001,3,101.10000000000001,3,97.80000000000001,3,94.2,3,90.80000000000001,4,100.10000000000001,4,96.7,4,93.30000000000001,5.0,103.0,5,99.60000000000001,5,96.5,5,93.2,6.0,101.9,6,98.7,6,95.2,6,91.80000000000001,7,101.10000000000001,7,97.7,7,94.60000000000001,7,91.10000000000001,8,100.60000000000001,8,97.2,8,94.10000000000001
2,115.7,2,112.30000000000001,2,108.7,2,105.4,3,114.7,3,110.7,3,107.7,3,104.4,4,113.7,4,110.30000000000001,4,106.9,4,103.7,5,113.2,5,110.10000000000001,5,106.60000000000001,6.0,115.7,6,112.2,6,108.5,6,105.60000000000001,7.0,114.60000000000001,7,111.5,7,108.10000000000001,7,104.7,8,113.80000000000001,8,110.60000000000001,8,107.4,8,104.2,1,113.60000000000001,1,110.30000000000001,1,106.60000000000001
3,128.3,3,124.7,3,121.0,3,118.0,4,127.80000000000001,4,124.4,4,120.9,4,117.2,5,126.80000000000001,5,123.60000000000001,5,120.2,5,116.60000000000001,6,125.7,6,122.5,6,119.10000000000001,7.0,128.1,7,124.9,7,121.2,7,117.9,8.0,127.60000000000001,8,124.5,8,120.9,8,117.4,1,127.0,1,123.5,1,120.0,1,116.7,2,126.10000000000001,2,122.80000000000001,2,119.5
4,141.20000000000002,4,137.70000000000002,4,134.3,4,130.8,5,140.5,5,136.9,5,133.70000000000002,5,130.3,6,139.0,6,135.9,6,132.5,6,128.9,7,138.5,7,135.1,7,131.6,8.0,140.6,8,137.70000000000002,8,134.4,8,131.4,1.0,140.8,1,137.3,1,133.6,1,130.3,2,139.70000000000002,2,136.6,2,133.1,2,129.5,3,138.4,3,135.1,3,131.8
5,154.0,5,150.8,5,147.20000000000002,5,143.8,6,152.9,6,149.1,6,145.8,6,142.8,7,152.3,7,148.8,7,145.6,7,142.1,8,150.70000000000002,8,147.6,8,144.0,1.0,154.4,1,150.8,1,147.4,1,143.8,2.0,153.60000000000002,2,150.3,2,146.70000000000002,2,143.20000000000002,3,152.6,3,149.0,3,145.5,3,141.9,4,151.3,4,147.9,4,144.4
6,166.4,6,163.20000000000002,6,160.0,6,156.60000000000002,7,166.3,7,162.8,7,159.4,7,155.9,8,165.10000000000002,8,161.70000000000002,8,158.10000000000002,8,154.5,1,165.0,1,161.4,1,157.9,2.0,166.9,2,163.70000000000002,2,160.5,2,157.0,3.0,166.0,3,162.8,3,159.0,3,155.9,4,164.8,4,161.5,4,158.0,4,154.5,5,164.10000000000002,5,160.9,5,157.5
7,180.0,7,176.20000000000002,7,172.5,7,169.3,8,178.5,8,175.20000000000002,8,172.20000000000002,8,168.8,1,178.60000000000002,1,175.10000000000002,1,171.60000000000002,1,168.3,2,177.5,2,174.10000000000002,2,170.4,3.0,179.20000000000002,3,176.0,3,172.70000000000002,3,169.5,4.0,179.10000000000002,4,175.4,4,172.10000000000002,4,168.5,5,178.20000000000002,5,174.60000000000002,5,171.20000000000002,5,167.9,6,177.0,6,173.60000000000002,6,170.20000000000002
8,192.8,8,189.10000000000002,8,185.5,8,182.20000000000002,1,192.3,1,188.8,1,185.4,1,182.0,2,191.60000000000002,2,187.70000000000002,2,184.3,2,181.0,3,190.10000000000002,3,186.70000000000002,3,182.9,4.0,192.70000000000002,4,189.3,4,185.8,4,182.5,5.0,191.9,5,188.10000000000002,5,184.9,5,181.60000000000002,6,190.10000000000002,6,187.20000000000002,6,183.9,6,180.60000000000002,7,189.8,7,186.20000000000002,7,183.3
1,205.70000000000002,1,202.20000000000002,1,199.20000000000002,1,195.8,2,204.4,2,201.20000000000002,2,197.60000000000002,2,194.4,3,203.70000000000002,3,200.3,3,196.5,3,193.5,4,202.9,4,199.8,4,196.4,5.0,205.20000000000002,5,202.0,5,198.5,5,195.10000000000002,6.0,204.3,6,200.60000000000002,6,197.3,6,193.4,7,204.10000000000002,7,200.60000000000002,7,197.10000000000002,7,193.70000000000002,8,203.3,8,199.8,8,196.3
2,218.20000000000002,2,214.8,2,211.10000000000002,2,208.10000000000002,3,216.70000000000002,3,213.4,3,210.0,3,206.70000000000002,4,216.3,4,212.9,4,209.0,4,206.10000000000002,5,215.0,5,211.70000000000002,5,208.3,6.0,218.3,6,214.5,6,211.20000000000002,6,207.60000000000002,7.0,217.8,7,214.10000000000002,7,210.9,7,207.3,8,217.3,8,213.60000000000002,8,209.8,8,206.60000000000002,1,216.0,1,212.4,1,208.9
3,230.60000000000002,3,227.4,3,223.9,3,220.5,4,230.20000000000002,4,226.5,4,223.20000000000002,4,219.60000000000002,5,229.0,5,225.10000000000002,5,221.60000000000002,5,218.20000000000002,6,228.70000000000002,6,225.20000000000002,6,221.70000000000002,7.0,230.8,7,227.60000000000002,7,224.70000000000002,7,221.3,8.0,230.9,8,227.60000000000002,8,223.8,8,220.60000000000002,1,229.9,1,226.3,1,223.10000000000002,1,219.8,2,228.60000000000002,2,225.3,2,221.9
4,244.0,4,240.70000000000002,4,237.20000000000002,4,233.4,5,242.70000000000002,5,239.0,5,235.70000000000002,5,232.20000000000002,6,242.10000000000002,6,238.8,6,235.70000000000002,6,232.3,7,240.9,7,237.60000000000002,7,234.4,8.0,244.4,8,240.8,8,237.70000000000002,8,234.5,1.0,243.3,1,239.60000000000002,1,236.3,1,233.3,2,242.0,2,238.5,2,235.10000000000002,2,231.8,3,241.10000000000002,3,237.60000000000002,3,234.4
5,256.40000000000003,5,252.8,5,249.20000000000002,5,245.9,6,255.5,6,252.3,6,248.8,6,245.4,7,254.8,7,251.60000000000002,7,248.3,7,244.60000000000002,8,254.5,8,251.10000000000002,8,247.9,1.0,256.7,1,253.4,1,250.10000000000002,1,246.4,2.0,255.60000000000002,2,252.0,2,248.5,2,245.20000000000002,3,254.3,3,251.0,3,247.8,3,244.4,4,254.10000000000002,4,250.9,4,247.20000000000002
6,269.3,6,265.6,6,262.2,6,259.2,7,268.90000000000003,7,265.3,7,262.0,7,258.40000000000003,8,267.7,8,264.2,8,261.2,8,257.8,1,266.8,1,263.0,1,260.2,2.0,269.40000000000003,2,266.1,2,262.8,2,259.2,3.0,268.40000000000003,3,265.0,3,261.7,3,258.2,4,267.40000000000003,4,264.1,4,260.5,4,257.5,5,266.7,5,263.40000000000003,5,260.3
7,283.0,7,279.5,7,275.90000000000003,7,272.3,8,281.7,8,278.3,8,275.1,8,271.6,1,280.7,1,277.40000000000003,1,273.7,1,270.40000000000003,2,279.7,2,276.3,2,272.90000000000003,3.0,282.6,3,278.7,3,275.2,3,272.0,4.0,281.6,4,278.1,4,274.5,4,271.2,5,280.5,5,276.90000000000003,5,273.6,5,269.90000000000003,6,279.5,6,276.0,6,272.6
8,295.7,8,292.3,8,288.7,8,284.90000000000003,1,294.1,1,291.2,1,287.5,1,283.90000000000003,2,293.8,2,289.90000000000003,2,286.40000000000003,2,283.0,3,293.0,3,289.5,3,286.0,4.0,295.1,4,291.8,4,288.3,4,284.6,5.0,293.5,5,290.1,5,287.2,5,283.90000000000003,6,292.7,6,289.6,6,286.3,6,283.1,7,292.8,7,289.6,7,286.2
1,307.5,1,304.1,1,300.6,1,297.1,2,307.70000000000005,2,304.1,2,300.40000000000003,2,297.0,3,307.0,3,303.3,3,299.90000000000003,3,296.5,4,305.3,4,301.8,4,298.5,5.0,307.5,5,304.2,5,300.7,5,297.1,6.0,306.8,6,303.2,6,300.0,6,296.6,7,307.1,7,303.40000000000003,7,299.90000000000003,7,296.6,8,305.7,8,302.3,8,298.8
2,320.90000000000003,2,317.8,2,314.20000000000005,2,310.70000000000005,3,320.40000000000003,3,317.1,3,313.5,3,310.3,4,318.40000000000003,4,315.1,4,311.70000000000005,4,308.70000000000005,5,317.40000000000003,5,314.3,5,310.8,6.0,320.70000000000005,6,317.3,6,313.3,6,310.0,7.0,320.20000000000005,7,316.70000000000005,7,313.8,7,310.5,8,318.90000000000003,8,315.3,8,312.5,8,309.0,1,318.3,1,314.6,1,311.0
3,333.8,3,330.6,3,327.0,3,323.90000000000003,4,332.1,4,328.90000000000003,4,325.8,4,322.3,5,331.1,5,327.70000000000005,5,324.20000000000005,5,320.70000000000005,6,330.8,6,327.70000000000005,6,323.90000000000003,7.0,333.5,7,330.20000000000005,7,327.1,7,323.6,8.0,333.0,8,329.40000000000003,8,325.6,8,321.90000000000003,1,331.8,1,328.3,1,324.90000000000003,1,321.3,2,331.0,2,328.0,2,324.5
4,346.1,4,342.5,4,339.0,4,335.20000000000005,5,345.5,5,341.90000000000003,5,338.5,5,334.70000000000005,6,344.3,6,341.0,6,337.6,6,334.20000000000005,7,343.8,7,340.20000000000005,7,336.70000000000005,8.0,345.70000000000005,8,342.70000000000005,8,339.3,8,335.8,1.0,345.5,1,341.6,1,338.5,1,335.6,2,344.8,2,341.40000000000003,2,338.0,2,334.8,3,343.90000000000003,3,340.20000000000005,3,337.20000000000005
5,358.8,5,355.8,5,352.1,5,348.5,6,357.90000000000003,6,354.5,6,350.8,6,347.70000000000005,7,357.20000000000005,7,353.90000000000003,7,350.3,7,347.20000000000005,8,356.0,8,352.20000000000005,8,349.0,1.0,359.1,1,355.8,1,352.5,1,349.20000000000005,2.0,358.3,2,354.8,2,351.8,2,348.20000000000005,3,357.5,3,353.90000000000003,3,350.70000000000005,3,347.3,4,356.3,4,353.3,4,349.70000000000005
6,371.5,6,368.3,6,364.6,6,361.5,7,371.0,7,367.40000000000003,7,364.1,7,360.5,8,370.0,8,366.5,8,363.20000000000005,8,359.8,1,369.3,1,365.8,1,362.5,2.0,371.6,2,368.40000000000003,2,364.70000000000005,2,361.6,3.0,371.0,3,367.6,3,363.90000000000003,3,360.90000000000003,4,370.1,4,366.6,4,363.1,4,359.70000000000005,5,369.0,5,365.5,5,362.3
7,384.70000000000005,7,381.3,7,378.0,7,374.5,8,384.0,8,380.6,8,377.20000000000005,8,373.70000000000005,1,383.40000000000003,1,379.5,1,376.1,1,372.70000000000005,2,382.3,2,379.0,2,375.40000000000003,3.0,385.20000000000005,3,381.5,3,378.1,3,374.6,4.0,383.8,4,380.6,4,377.1,4,374.0,5,382.70000000000005,5,379.1,5,375.70000000000005,5,372.1,6,382.20000000000005,6,378.40000000000003,6,375.3
8,397.90000000000003,8,394.1,8,390.8,8,387.3,1,396.6,1,393.5,1,390.3,1,386.8,2,396.3,2,392.70000000000005,2,389.40000000000003,2,385.70000000000005,3,395.40000000000003,3,391.70000000000005,3,388.3,4.0,397.3,4,393.90000000000003,4,390.3,4,387.20000000000005,5.0,396.20000000000005,5,392.90000000000003,5,389.5,5,385.5,6,395.8,6,392.3,6,389.20000000000005,6,385.70000000000005,7,395.40000000000003,7,391.70000000000005,7,388.20000000000005
1,410.5,1,407.1,1,403.70000000000005,1,400.40000000000003,2,409.40000000000003,2,406.1,2,402.90000000000003,2,399.8,3,408.6,3,405.3,3,402.0,3,398.40000000000003,4,407.0,4,403.8,4,400.8,5.0,409.90000000000003,5,406.40000000000003,5,403.3,5,399.6,6.0,409.6,6,406.0,6,402.6,6,399.20000000000005,7,408.5,7,405.1,7,401.70000000000005,7,398.70000000000005,8,408.3,8,404.5,8,401.40000000000003
2,423.40000000000003,2,419.90000000000003,2,416.3,2,413.0,3,422.3,3,418.8,3,415.6,3,412.1,4,420.70000000000005,4,417.5,4,413.70000000000005,4,410.5,5,420.6,5,416.8,5,413.3,6.0,423.1,6,419.8,6,416.40000000000003,6,413.20000000000005,7.0,421.90000000000003,7,418.5,7,415.40000000000003,7,412.1,8,421.6,8,418.1,8,414.8,8,411.5,1,420.70000000000005,1,417.6,1,414.0
3,435.40000000000003,3,431.8,3,428.8,3,425.5,4,434.3,4,430.90000000000003,4,427.8,4,424.3,5,434.3,5,430.8,5,427.20000000000005,5,424.0,6,433.8,6,430.20000000000005,6,426.70000000000005,7.0,435.90000000000003,7,432.70000000000005,7,429.0,7,425.6,8.0,434.5,8,431.3,8,427.90000000000003,8,424.90000000000003,1,433.6,1,430.6,1,427.3,1,424.20000000000005,2,433.70000000000005,2,430.20000000000005,2,426.6
4,448.1,4,444.40000000000003,4,441.1,4,437.6,5,447.90000000000003,5,444.70000000000005,5,441.3,5,438.0,6,447.70000000000005,6,443.8,6,440.70000000000005,6,437.0,7,446.20000000000005,7,442.5,7,439.5,8.0,448.5,8,445.1,8,441.40000000000003,8,438.0,1.0,448.1,1,444.20000000000005,1,440.90000000000003,1,437.6,2,446.6,2,443.6,2,440.20000000000005,2,437.0,3,445.70000000000005,3,442.3,3,439.1
5,461.8,5,458.1,5,454.90000000000003,5,451.40000000000003,6,460.8,6,456.90000000000003,6,453.6,6,450.70000000000005,7,459.20000000000005,7,456.1,7,452.6,7,449.0,8,458.90000000000003,8,455.40000000000003,8,452.0,1.0,460.90000000000003,1,458.1,1,454.90000000000003,1,451.6,2.0,460.0,2,456.5,2,453.40000000000003,2,450.0,3,458.90000000000003,3,455.3,3,452.3,3,449.20000000000005,4,458.6,4,454.90000000000003,4,451.90000000000003
6,474.5,6,470.70000000000005,6,467.20000000000005,6,463.90000000000003,7,473.3,7,470.0,7,466.6,7,463.1,8,472.40000000000003,8,468.8,8,465.5,8,462.3,1,471.6,1,467.70000000000005,1,464.70000000000005,2.0,473.1,2,469.8,2,466.3,2,463.3,3.0,473.20000000000005,3,469.40000000000003,3,465.90000000000003,3,462.40000000000003,4,472.1,4,469.1,4,465.40000000000003,4,462.1,5,471.70000000000005,5,468.6,5,465.20000000000005
7,487.20000000000005,7,483.90000000000003,7,480.40000000000003,7,477.1,8,486.40000000000003,8,482.6,8,479.0,8,476.0,1,485.20000000000005,1,481.70000000000005,1,478.8,1,475.20000000000005,2,483.70000000000005,2,480.40000000000003,2,476.6,3.0,486.40000000000003,3,483.20000000000005,3,480.0,3,476.6,4.0,485.6,4,482.20000000000005,4,478.70000000000005,4,475.6,5,485.20000000000005,5,481.70000000000005,5,478.70000000000005,5,474.90000000000003,6,484.20000000000005,6,480.8,6,477.5
8,500.1,8,496.70000000000005,8,493.3,8,490.1,1,499.20000000000005,1,495.70000000000005,1,492.0,1,488.6,2,498.0,2,494.40000000000003,2,490.90000000000003,2,487.40000000000003,3,496.0,3,493.1,3,489.70000000000005,4.0,499.0,4,495.70000000000005,4,492.3,4,489.20000000000005,5.0,498.3,5,495.1,5,491.6,5,488.40000000000003,6,498.3,6,494.6,6,491.1,6,487.8,7,497.20000000000005,7,493.90000000000003,7,490.70000000000005
1,511.8,1,508.8,1,505.0,1,502.1,2,511.6,2,507.90000000000003,2,504.40000000000003,2,501.0,3,509.8,3,506.5,3,503.1,3,499.6,4,509.40000000000003,4,505.70000000000005,4,502.70000000000005,5.0,512.1,5,508.5,5,505.0,5,501.5,6.0,511.70000000000005,6,508.20000000000005,6,504.40000000000003,6,501.6,7,510.70000000000005,7,507.5,7,504.0,7,500.5,8,510.1,8,506.8,8,503.5
2,524.9,2,521.1,2,517.9,2,514.9,3,523.4,3,519.4,3,516.6,3,513.1,4,522.5,4,519.7,4,516.0,4,512.7,5,522.2,5,518.8000000000001,5,515.1,6.0,524.9,6,521.6,6,518.5,6,515.1,7.0,524.6,7,521.2,7,517.6,7,514.4,8,523.8000000000001,8,520.6,8,516.9,8,513.6,1,522.5,1,519.3000000000001,1,515.6
3,537.2,3,533.9,3,530.5,3,526.8000000000001,4,536.4,4,533.1,4,529.3000000000001,4,525.7,5,536.1,5,532.5,5,528.7,5,525.6,6,535.3000000000001,6,531.6,6,528.5,7.0,537.9,7,534.5,7,531.1,7,528.0,8.0,536.7,8,533.2,8,530.4,8,527.0,1,535.9,1,532.6,1,528.9,1,525.7,2,534.8000000000001,2,531.2,2,527.9
4,550.6,4,547.1,4,543.7,4,540.2,5,549.4,5,546.2,5,542.8000000000001,5,539.6,6,548.6,6,545.0,6,541.8000000000001,6,538.4,7,548.0,7,544.6,7,541.3000000000001,8.0,550.6,8,547.2,8,543.8000000000001,8,540.2,1.0,549.2,1,546.0,1,542.6,1,539.3000000000001,2,548.3000000000001,2,544.7,2,541.2,2,538.0,3,547.7,3,544.2,3,540.7
5,563.0,5,559.6,5,556.6,5,552.8000000000001,6,562.2,6,558.8000000000001,6,555.5,6,552.1,7,562.0,7,558.5,7,554.9,7,551.3000000000001,8,560.7,8,557.5,8,554.2,1.0,562.4,1,559.2,1,556.0,1,552.1,2.0,562.1,2,558.8000000000001,2,555.3000000000001,2,551.6,3,561.8000000000001,3,558.3000000000001,3,555.0,3,551.3000000000001,4,561.4,4,557.6,4,554.0
6,576.0,6,572.8000000000001,6,569.1,6,565.8000000000001,7,575.4,7,571.9,7,568.6,7,565.4,8,573.8000000000001,8,570.3000000000001,8,567.2,8,564.0,1,572.8000000000001,1,569.4,1,566.1,2.0,575.8000000000001,2,572.2,2,568.9,2,565.6,3.0,575.5,3,572.2,3,568.8000000000001,3,565.1,4,574.4,4,571.0,4,567.5,4,564.5,5,573.1,5,570.2,5,566.7
7,589.3000000000001,7,585.7,7,582.2,7,579.0,8,587.4,8,584.0,8,580.8000000000001,8,577.5,1,586.2,1,583.4,1,580.2,1,576.4,2,586.2,2,582.8000000000001,2,579.6,3.0,589.1,3,585.5,3,582.1,3,578.6,4.0,588.7,4,584.8000000000001,4,581.7,4,577.9,5,586.9,5,583.6,5,580.2,5,576.5,6,586.4,6,583.1,6,579.5
8,601.2,8,597.6,8,594.1,8,590.5,1,600.1,1,596.5,1,592.9,1,589.5,2,599.8000000000001,2,596.7,2,592.9,2,589.6,3,599.8000000000001,3,596.1,3,592.6,4.0,602.1,4,598.5,4,594.8000000000001,4,592.1,5.0,600.3000000000001,5,597.1,5,593.4,5,590.4,6,599.8000000000001,6,596.6,6,592.9,6,589.3000000000001,7,599.1,7,596.0,7,592.7
1,614.7,1,611.0,1,607.4,1,603.7,2,613.9,2,610.6,2,607.0,2,603.8000000000001,3,612.9,3,609.2,3,605.7,3,602.9,4,612.1,4,608.9,4,605.7,5.0,614.3000000000001,5,610.6,5,607.0,5,603.7,6.0,613.5,6,610.2,6,606.8000000000001,6,603.4,7,612.7,7,609.7,7,606.2,7,602.5,8,612.0,8,608.6,8,604.9
2,627.7,2,624.2,2,620.7,2,617.4000000000001,3,626.7,3,623.3000000000001,3,619.6,3,616.0,4,626.3000000000001,4,622.8000000000001,4,619.1,4,615.7,5,624.7,5,621.2,5,617.8000000000001,6.0,627.4000000000001,6,623.9000000000001,6,620.4000000000001,6,617.0,7.0,626.2,7,623.1,7,619.5,7,615.8000000000001,8,625.5,8,622.2,8,618.7,8,615.5,1,624.7,1,621.3000000000001,1,618.1
3,640.4000000000001,3,636.7,3,633.1,3,630.0,4,639.2,4,635.7,4,632.4000000000001,4,629.7,5,638.6,5,635.2,5,631.5,5,627.9000000000001,6,637.7,6,633.9000000000001,6,630.8000000000001,7.0,639.9000000000001,7,636.9000000000001,7,633.3000000000001,7,630.0,8.0,638.7,8,635.5,8,631.7,8,628.7,1,638.9000000000001,1,635.5,1,631.5,1,628.4000000000001,2,637.7,2,634.6,2,630.9000000000001
4,653.3000000000001,4,649.6,4,646.5,4,642.7,5,652.1,5,648.9000000000001,5,645.4000000000001,5,641.9000000000001,6,651.3000000000001,6,647.6,6,644.2,6,641.1,7,649.7,7,646.5,7,643.2,8.0,652.3000000000001,8,648.6,8,645.6,8,642.2,1.0,652.3000000000001,1,648.7,1,645.6,1,642.3000000000001,2,651.2,2,648.1,2,644.7,2,641.3000000000001,3,650.8000000000001,3,647.3000000000001,3,643.8000000000001
5,665.6,5,662.3000000000001,5,659.0,5,655.3000000000001,6,664.8000000000001,6,661.4000000000001,6,658.2,6,654.7,7,663.6,7,660.2,7,656.5,7,653.3000000000001,8,662.5,8,658.9000000000001,8,655.8000000000001,1.0,665.7,1,662.0,1,658.6,1,655.6,2.0,664.8000000000001,2,661.4000000000001,2,658.0,2,654.6,3,664.6,3,660.7,3,657.6,3,654.3000000000001,4,663.5,4,660.3000000000001,4,657.0
6,678.0,6,674.9000000000001,6,671.6,6,668.3000000000001,7,677.0,7,673.5,7,670.6,7,667.2,8,676.7,8,673.1,8,669.4000000000001,8,665.9000000000001,1,675.8000000000001,1,672.8000000000001,1,669.3000000000001,2.0,678.8000000000001,2,675.2,2,671.7,2,668.3000000000001,3.0,677.9000000000001,3,674.8000000000001,3,671.4000000000001,3,668.0,4,677.3000000000001,4,673.9000000000001,4,670.6,4,667.0,5,676.1,5,673.1,5,669.6
7,690.7,7,687.2,7,683.8000000000001,7,680.4000000000001,8,690.4000000000001,8,686.9000000000001,8,683.4000000000001,8,680.1,1,690.0,1,686.5,1,683.1,1,679.6,2,689.5,2,685.8000000000001,2,682.3000000000001,3.0,691.9000000000001,3,688.6,3,684.9000000000001,3,681.4000000000001,4.0,690.5,4,687.0,4,683.7,4,680.6,5,690.1,5,686.5,5,683.2,5,679.8000000000001,6,688.8000000000001,6,685.3000000000001,6,681.7
8,703.7,8,700.4000000000001,8,697.2,8,693.7,1,703.8000000000001,1,700.3000000000001,1,696.9000000000001,1,693.6,2,702.6,2,699.2,2,695.8000000000001,2,692.7,3,702.3000000000001,3,698.6,3,695.1,4.0,704.3000000000001,4,701.1,4,697.8000000000001,4,694.1,5.0,703.5,5,700.3000000000001,5,696.7,5,693.2,6,702.3000000000001,6,698.8000000000001,6,695.5,6,691.8000000000001,7,701.0,7,697.6,7,693.9000000000001
1,717.4000000000001,1,713.9000000000001,1,710.4000000000001,1,707.2,2,716.1,2,712.4000000000001,2,709.4000000000001,2,706.1,3,715.4000000000001,3,712.2,3,709.1,3,705.8000000000001,4,714.5,4,711.2,4,707.7,5.0,716.6,5,713.5,5,709.8000000000001,5,706.3000000000001,6.0,716.4000000000001,6,712.6,6,709.5,6,705.9000000000001,7,715.4000000000001,7,711.5,7,708.0,7,704.6,8,714.4000000000001,8,711.3000000000001,8,707.6
2,729.6,2,726.4000000000001,2,722.9000000000001,2,719.4000000000001,3,729.0,3,725.5,3,722.2,3,718.6,4,728.6,4,725.0,4,721.8000000000001,4,718.1,5,727.2,5,724.1,5,720.2,6.0,730.1,6,726.7,6,723.6,6,720.2,7.0,729.0,7,725.4000000000001,7,722.1,7,718.7,8,728.1,8,724.9000000000001,8,721.3000000000001,8,718.1,1,727.8000000000001,1,724.3000000000001,1,721.1
3,743.2,3,739.7,3,735.8000000000001,3,732.7,4,742.2,4,738.9000000000001,4,735.3000000000001,4,732.0,5,740.9000000000001,5,737.4000000000001,5,734.2,5,730.9000000000001,6,740.4000000000001,6,737.1,6,733.3000000000001,7.0,742.9000000000001,7,739.2,7,736.0,7,732.6,8.0,741.8000000000001,8,738.2,8,735.5,8,731.7,1,741.3000000000001,1,737.9000000000001,1,734.5,1,730.8000000000001,2,740.0,2,736.2,2,732.9000000000001
4,756.2,4,752.7,4,749.4000000000001,4,745.8000000000001,5,754.7,5,751.3000000000001,5,747.9000000000001,5,744.2,6,753.7,6,750.2,6,747.1,6,743.6,7,753.2,7,749.9000000000001,7,746.3000000000001,8.0,755.7,8,752.2,8,748.5,8,744.9000000000001,1.0,754.5,1,751.2,1,747.7,1,744.5,2,753.4000000000001,2,750.1,2,746.5,2,743.3000000000001,3,753.6,3,749.9000000000001,3,746.1
5,768.6,5,765.1,5,761.4000000000001,5,758.2,6,767.4000000000001,6,764.4000000000001,6,760.8000000000001,6,757.5,7,767.0,7,763.4000000000001,7,760.0,7,756.8000000000001,8,765.6,8,762.3000000000001,8,758.7,1.0,768.3000000000001,1,764.9000000000001,1,761.1,1,757.9000000000001,2.0,767.5,2,763.9000000000001,2,760.4000000000001,2,757.0,3,766.9000000000001,3,763.8000000000001,3,760.7,3,757.1,4,766.7,4,763.4000000000001,4,759.9000000000001
6,781.2,6,777.7,6,774.2,6,770.8000000000001,7,780.9000000000001,7,777.3000000000001,7,774.0,7,770.0,8,779.6,8,776.0,8,772.4000000000001,8,769.4000000000001,1,778.5,1,775.0,1,771.7,2.0,781.3000000000001,2,778.2,2,774.5,2,770.9000000000001,3.0,780.7,3,777.3000000000001,3,773.7,3,770.2,4,780.0,4,776.4000000000001,4,773.3000000000001,4,770.0,5,779.5,5,775.9000000000001,5,772.0
7,794.0,7,790.9000000000001,7,787.5,7,784.1,8,792.8000000000001,8,789.4000000000001,8,786.4000000000001,8,782.9000000000001,1,792.4000000000001,1,788.9000000000001,1,785.5,1,782.2,2,791.6,2,788.3000000000001,2,784.8000000000001,3.0,794.4000000000001,3,791.1,3,787.6,3,784.2,4.0,793.5,4,790.2,4,786.9000000000001,4,783.3000000000001,5,793.3000000000001,5,789.6,5,786.0,5,782.6,6,791.8000000000001,6,788.5,6,785.3000000000001
8,806.4000000000001,8,803.0,8,799.5,8,796.4000000000001,1,805.5,1,802.2,1,799.0,1,795.7,2,804.9000000000001,2,801.1,2,798.6,2,795.1,3,803.8000000000001,3,801.0,3,797.7,4.0,807.3000000000001,4,804.1,4,800.4000000000001,4,797.1,5.0,806.6,5,803.3000000000001,5,799.7,5,796.5,6,805.5,6,802.0,6,798.6,6,795.4000000000001,7,804.3000000000001,7,800.9000000000001,7,797.5
1,819.9000000000001,1,816.4000000000001,1,813.1,1,809.4000000000001,2,818.5,2,815.0,2,811.6,2,808.1,3,818.0,3,814.6,3,811.2,3,807.5,4,817.9000000000001,4,814.5,4,810.8000000000001,5.0,820.5,5,817.2,5,813.6,5,810.1,6.0,819.5,6,816.0,6,812.8000000000001,6,809.2,7,818.0,7,814.7,7,811.2,7,807.6,8,816.8000000000001,8,813.4000000000001,8,809.8000000000001
2,832.2,2,828.7,2,825.2,2,821.9000000000001,3,832.0,3,828.8000000000001,3,824.8000000000001,3,821.8000000000001,4,831.7,4,828.5,4,824.7,4,821.5,5,830.7,5,827.2,5,823.9000000000001,6.0,832.9000000000001,6,829.5,6,825.7,6,822.5,7.0,831.9000000000001,7,828.3000000000001,7,825.2,7,822.0,8,830.6,8,827.1,8,823.8000000000001,8,820.5,1,830.5,1,826.7,1,823.3000000000001
3,846.1,3,842.5,3,839.0,3,835.4000000000001,4,844.9000000000001,4,841.7,4,838.5,4,834.9000000000001,5,844.2,5,841.0,5,837.7,5,834.0,6,843.2,6,839.8000000000001,6,836.1,7.0,846.0,7,842.4000000000001,7,838.7,7,835.3000000000001,8.0,844.6,8,841.5,8,838.1,8,834.2,1,843.7,1,840.3000000000001,1,837.1,1,833.4000000000001,2,842.6,2,838.8000000000001,2,835.5
4,859.2,4,855.6,4,852.3000000000001,4,848.7,5,858.1,5,854.8000000000001,5,851.0,5,847.4000000000001,6,857.1,6,853.6,6,850.4000000000001,6,847.0,7,855.9000000000001,7,852.7,7,849.3000000000001,8.0,857.7,8,854.6,8,851.5,8,848.4000000000001,1.0,857.4000000000001,1,853.8000000000001,1,850.3000000000001,1,846.8000000000001,2,857.3000000000001,2,853.7,2,850.1,2,846.5,3,856.5,3,852.7,3,849.4000000000001
5,871.9000000000001,5,868.4000000000001,5,865.0,5,861.8000000000001,6,870.8000000000001,6,867.2,6,864.0,6,860.7,7,869.4000000000001,7,865.8000000000001,7,862.4000000000001,7,859.2,8,867.8000000000001,8,864.3000000000001,8,861.0,1.0,870.8000000000001,1,867.8000000000001,1,864.6,1,861.2,2.0,870.9000000000001,2,867.3000000000001,2,864.2,2,860.5,3,869.9000000000001,3,866.1,3,862.8000000000001,3,859.8000000000001,4,869.1,4,866.0,4,862.4000000000001
6,884.2,6,880.8000000000001,6,877.1,6,873.9000000000001,7,882.8000000000001,7,879.2,7,876.2,7,872.7,8,881.4000000000001,8,878.1,8,874.6,8,871.4000000000001,1,880.8000000000001,1,877.6,1,874.3000000000001,2.0,884.8000000000001,2,881.2,2,877.7,2,874.4000000000001,3.0,883.7,3,880.5,3,876.9000000000001,3,873.4000000000001,4,882.4000000000001,4,879.2,4,875.7,4,872.4000000000001,5,882.4000000000001,5,878.8000000000001,5,875.5
7,896.3000000000001,7,893.2,7,889.6,7,885.9000000000001,8,895.5,8,891.8000000000001,8,888.2,8,885.0,1,894.9000000000001,1,891.3000000000001,1,887.8000000000001,1,884.5,2,894.5,2,891.4000000000001,2,888.2,3.0,897.2,3,893.4000000000001,3,890.5,3,887.1,4.0,896.3000000000001,4,892.7,4,889.7,4,886.4000000000001,5,895.9000000000001,5,892.5,5,889.0,5,885.3000000000001,6,894.5,6,891.1,6,887.8000000000001
8,909.2,8,905.7,8,902.1,8,898.7,1,908.4000000000001,1,905.3000000000001,1,901.8000000000001,1,898.7,2,908.2,2,904.9000000000001,2,901.5,2,898.0,3,907.4000000000001,3,904.1,3,900.6,4.0,909.7,4,906.1,4,902.7,4,899.4000000000001,5.0,909.2,5,906.4000000000001,5,902.5,5,899.4000000000001,6,908.1,6,904.5,6,901.1,6,897.9000000000001,7,906.5,7,903.6,7,900.1
1,922.3000000000001,1,919.0,1,915.2,1,911.8000000000001,2,921.9000000000001,2,918.4000000000001,2,915.1,2,911.5,3,921.2,3,917.4000000000001,3,914.2,3,910.9000000000001,4,920.3000000000001,4,916.7,4,913.3000000000001,5.0,923.4000000000001,5,919.9000000000001,5,916.3000000000001,5,912.7,6.0,922.1,6,918.8000000000001,6,915.3000000000001,6,911.8000000000001,7,920.6,7,917.4000000000001,7,913.9000000000001,7,910.3000000000001,8,919.3000000000001,8,916.1,8,912.7
2,935.4000000000001,2,932.1,2,928.5,2,925.3000000000001,3,934.9000000000001,3,931.6,3,928.1,3,924.7,4,934.6,4,931.1,4,927.3000000000001,4,923.9000000000001,5,933.8000000000001,5,930.3000000000001,5,926.9000000000001,6.0,936.1,6,932.6,6,928.8000000000001,6,925.6,7.0,934.5,7,930.8000000000001,7,927.5,7,924.3000000000001,8,933.5,8,929.9000000000001,8,926.2,8,922.7,1,932.2,1,928.8000000000001,1,925.4000000000001
3,948.3000000000001,3,944.9000000000001,3,941.6,3,938.0,4,947.5,4,944.4000000000001,4,941.0,4,937.8000000000001,5,947.8000000000001,5,944.6,5,941.0,5,937.2,6,946.3000000000001,6,942.9000000000001,6,939.6,7.0,948.1,7,944.7,7,941.1,7,938.1,8.0,946.8000000000001,8,943.5,8,940.4000000000001,8,936.9000000000001,1,946.0,1,942.5,1,938.9000000000001,1,936.0,2,945.7,2,942.3000000000001,2,938.7
4,961.8000000000001,4,958.2,4,954.7,4,951.0,5,960.7,5,957.7,5,954.3000000000001,5,951.0,6,959.9000000000001,6,956.2,6,952.7,6,949.4000000000001,7,958.5,7,954.9000000000001,7,951.4000000000001,8.0,960.5,8,957.3000000000001,8,953.6,8,950.2,1.0,959.6,1,956.4000000000001,1,952.9000000000001,1,949.5,2,959.3000000000001,2,955.8000000000001,2,952.4000000000001,2,949.1,3,959.0,3,955.6,3,951.6
5,974.7,5,971.3000000000001,5,967.8000000000001,5,964.3000000000001,6,973.4000000000001,6,970.2,6,966.6,6,963.3000000000001,7,972.3000000000001,7,968.7,7,965.2,7,961.6,8,970.6,8,967.3000000000001,8,963.7,1.0,973.8000000000001,1,970.1,1,966.5,1,962.8000000000001,2.0,973.3000000000001,2,970.0,2,966.4000000000001,2,963.3000000000001,3,972.7,3,969.5,3,965.9000000000001,3,962.2,4,971.8000000000001,4,968.8000000000001,4,965.5
6,987.2,6,984.1,6,980.7,6,976.8000000000001,7,985.5,7,982.4000000000001,7,978.8000000000001,7,975.8000000000001,8,984.4000000000001,8,980.7,8,977.3000000000001,8,974.0,1,984.2,1,980.7,1,977.0,2.0,987.2,2,984.0,2,980.6,2,976.8000000000001,3.0,986.8000000000001,3,983.2,3,979.7,3,976.4000000000001,4,986.0,4,982.4000000000001,4,978.8000000000001,4,975.5,5,985.3000000000001,5,981.7,5,978.2
7,999.1,7,996.1,7,992.4000000000001,7,988.8000000000001,8,998.3000000000001,8,995.1,8,991.9000000000001,8,988.1,1,998.2,1,994.7,1,991.2,1,987.5,2,997.7,2,994.0,2,990.6,,,3,997.2,3,993.8000000000001,3,990.4000000000001,,,4,996.2,4,992.7,4,989.6,5,999.2,5,995.8000000000001,5,992.3000000000001,5,988.8000000000001,6,997.6,6,994.3000000000001,6,990.8000000000001
