Car Index,Station Index,Arrival Time,,,,Velocity,Position
1,2,14.21203865,12.8,1.412038646,,1.552939991,22.92397054
1,3,27.23253783,26.6,0.632537831,,2.208803009,48.66659759
1,4,41.02406204,39.3,1.724062043,,2.390020451,78.90318583
1,5,56.31260409,51.5,4.812604088,,2.263088305,104.6574121
1,6,74.15244912,64.9,9.252449122,,1.820756066,143.75
1,7,86.15250402,77.3,8.852504022,,2.286025408,172.5
1,8,100.6246948,90.2,10.42469482,,3.758950099,201.25
1,1,113.9832493,103.5,10.4832493,,2.418339342,0
1,2,130.3131903,116.2,14.11319035,,1.562441263,28.75
1,3,145.8462746,129.1,16.74627459,,1.993197222,57.5
1,4,159.9233908,141.8,18.12339076,,2.643819975,86.25
1,5,181.9280779,155.2,26.72807793,,0.841365207,103.7661695
1,6,197.6210386,168.1,29.52103862,,1.832031608,115
1,7,211.7655492,181.2,30.56554915,,2.03259066,143.75
1,8,224.6709635,193.8,30.8709635,,2.227747146,172.5
1,1,235.2985396,206.1,29.1985396,,2.714342184,227.2868396
1,2,251.7155921,218.7,33.01559213,,1.614986759,7.537592031
1,3,262.8937459,231.7,31.19374592,,2.62266418,30.48953867
1,4,272.9276668,244.7,28.22766683,,2.902186998,59.15087974
1,5,289.5029477,257.4,32.10294767,,1.430769541,98.27084778
1,6,303.4893514,270.4,33.08935135,,2.196193537,120.1926903
1,7,313.9130077,283.4,30.5130077,,2.947524039,148.2644742
1,8,330.631096,295.9,34.73109596,,1.491429534,184.6163566
1,1,348.1839409,308.4,39.78394088,,1.601249241,227.5603407
1,2,358.3940822,321.2,37.19408219,,2.815827825,0
1,3,375.0257945,334.2,40.82579453,,2.487399839,57.5
1,4,387.6391157,347.6,40.03911565,,2.484854827,68.29328273
1,5,404.9904762,361,43.99047619,,1.28755893,102.2587105
1,6,417.726911,373.9,43.82691098,,2.480696948,126.6950531
1,7,431.4249727,386.3,45.12497267,,2.477370271,160.1752401
1,8,446.1726816,398,48.17268164,,2.579999491,188.7405963
1,2,464.1901863,410.5,53.69018627,,2.144696581,0
1,2,479.2093983,423.9,55.30939827,,1.911280504,17.06623779
1,3,493.0366119,437,56.03661192,,2.674023152,48.55018099
1,4,508.8250965,450.2,58.62509651,,1.729215339,86.25
1,5,522.9374004,462.7,60.23740041,,2.259167104,115
1,6,534.9089814,475.7,59.20898136,,2.775405481,136.9767382
1,7,549.8391083,488.4,61.43910829,,1.983105313,168.2058322
1,8,566.3522486,500.7,65.65224864,,2.017529588,190.9078914
1,1,578.144785,512.9,65.24478496,,3.429851636,227.939153
1,2,592.2051718,526.3,65.90517178,,2.346387594,22.13506995
1,3,608.5051431,539,69.50514312,,2.175731578,49.28993472
1,4,625.5251321,552.4,73.12513206,,2.482083209,86.25
1,5,638.9465204,565.1,73.84652044,,2.721225436,115
1,6,653.6888314,577.2,76.48883135,,1.798490381,132.6068172
1,7,667.5582958,589.4,78.15829578,,1.869729399,163.6734059
1,8,681.565917,602.6,78.96591701,,2.381936056,188.3514315
1,1,695.8373415,616.1,79.73734148,,2.287322652,228.0815054
1,3,710.8495112,628.2,82.64951119,,2.514584863,28.75
1,4,726.9509125,641.9,85.05091251,,2.303945885,57.5
1,4,744.0875582,655.3,88.78755823,,1.290435332,80.83476799
1,5,757.8555807,668.5,89.35558067,,2.497482205,109.477989
1,6,773.0002511,679.8,93.2002511,,1.624613709,137.5196925
1,7,786.1692757,691.9,94.26927566,,2.557053422,168.9492275
1,8,802.1140076,705.3,96.81400757,,1.902513525,199.1925206
1,1,816.4534227,718.8,97.65342274,,2.452061607,227.0191915
1,2,830.6588988,731.6,99.05889883,,2.945238141,28.62543599
1,3,845.8731361,745.1,100.7731361,,2.638167763,55.84241783
1,4,860.0974883,758.4,101.6974883,,1.979750535,82.63589422
1,5,876.4426499,769.3,107.1426499,,1.558044608,106.496816
1,6,889.9456578,781.8,108.1456578,,2.583919747,134.5469343
1,7,904.8127188,794.4,110.4127188,,2.523054648,163.1558491
1,8,917.8317842,808.5,109.3317842,,2.608038545,193.4681254
1,1,932.8742658,822,110.8742658,,1.699962997,229.3605686
1,2,946.0919182,833.9,112.1919182,,2.297604102,25.57544491
1,3,960.8022057,846.8,114.0022057,,2.446091959,53.38297756
1,4,975.6965973,859.9,115.7965973,,3.098638249,77.41160689
1,5,989.0906289,872.8,116.2906289,,2.310714193,114.1593676
2,2,10.4604259,,,,2.278596468,20.33735625
2,3,23.23335711,,,,2.38567564,48.50304166
2,4,37.95010752,,,,1.490397471,86.25
2,5,51.74248286,,,,2.12453369,115
2,6,74.10948132,,,,2.272546178,143.75
2,7,85.48652031,,,,2.89782814,160.6041854
2,8,99.2885514,,,,1.881469452,201.25
2,1,112.1631964,,,,2.039684127,228.7882867
2,2,123.5760315,,,,2.438887633,20.67369941
2,3,139.7721808,,,,1.685436431,45.91153945
2,4,156.7813449,,,,1.677503674,74.71347682
2,5,168.5761703,,,,2.85489152,105.54992
2,6,181.53689,,,,2.711380121,139.3402253
2,7,194.3498739,,,,2.714556095,169.0270684
2,8,209.0648692,,,,2.167285992,196.9370414
2,1,225.4691441,,,,2.180242095,229.1244744
2,2,238.5808665,,,,2.236865959,23.87014074
2,3,252.5948821,,,,2.080951808,53.08298576
2,4,263.5901843,,,,2.245765127,83.22038363
2,5,277.810532,,,,1.955075672,113.8954001
2,6,292.7629244,,,,2.155004765,138.3164038
2,7,305.6906741,,,,2.161484385,168.8528966
2,8,319.4782771,,,,2.544474714,196.2077375
2,1,332.5284983,,,,1.848182725,229.9997382
2,2,346.2700161,,,,1.79990773,22.52070002
2,3,362.491203,,,,2.184722338,51.78788034
2,4,380.4126503,,,,3.010602949,78.59455464
2,5,395.094782,,,,2.277782782,111.4911045
2,6,410.8518484,,,,2.234191704,143.6155214
2,7,426.4500361,,,,1.746472797,172.0092994
2,8,441.3240746,,,,3.089832137,198.5911062
2,1,457.3114408,,,,1.717622253,0
2,2,473.0963436,,,,2.032182853,21.83420731
2,3,489.689663,,,,1.760461437,49.13217636
2,5,503.2558882,,,,2.470510491,86.25
2,6,518.7591262,,,,3.026236451,115
2,6,532.4685229,,,,2.58529623,137.1475896
2,7,547.6737327,,,,1.979583811,169.3256577
2,8,561.2261238,,,,1.636292942,196.2403175
2,1,575.4860029,,,,2.42652026,0
2,2,589.3859743,,,,1.787864258,28.75
2,3,604.7316697,,,,1.419402379,52.91540897
2,4,619.9748738,,,,2.654353578,76.01705979
2,5,634.8070342,,,,1.960216568,109.51411
2,6,647.4929779,,,,2.777873344,140.1810669
2,7,662.8375089,,,,1.771907048,168.3420808
2,8,676.1507555,,,,3.034580973,192.1532375
2,2,689.4791098,,,,1.797940221,0
2,3,709.7373588,,,,2.268348919,28.75
2,3,725.8965313,,,,1.817837169,57.5
2,5,739.8911201,,,,3.318630968,86.25
2,5,755.6445495,,,,2.100103809,115
2,6,769.1653041,,,,2.892847983,143.75
2,7,784.7806568,,,,2.497743153,167.6434005
2,8,801.0325543,,,,2.455043316,197.6711624
2,1,815.2377891,,,,2.135542417,229.7197632
2,2,830.6166055,,,,2.500750423,28.05820104
2,3,845.244828,,,,3.245077066,56.19771849
2,4,858.2719523,,,,2.661504347,82.20607624
2,5,870.98505,,,,2.515285312,113.4846566
2,6,886.3839893,,,,2.322185212,137.9347926
2,7,901.1092116,,,,2.869542194,164.225379
2,8,914.8479807,,,,3.113674064,196.7099732
2,1,930.639603,,,,4.082564288,228.6136721
2,2,944.7102376,,,,3.047015495,23.91770049
2,3,959.1191037,,,,3.557770276,51.23441948
2,4,972.8442498,,,,7.282181832,85.4486158
2,5,988.7268312,,,,3.266313385,108.0706181
3,2,6.768397115,,,,2.028105787,19.76848448
3,3,19.46211588,,,,2.323258093,47.44067215
3,4,34.93566889,,,,1.488521666,78.96087772
3,5,49.58914641,,,,1.858822493,100.5067006
3,6,62.26495049,,,,2.306943109,131.3990144
3,7,81.38144091,,,,2.104673641,166.089695
3,8,94.33684392,,,,1.7712572,196.0764807
3,1,107.0226598,,,,2.443072097,228.6810424
3,2,120.2645626,,,,2.168954084,23.5132287
3,3,132.896537,,,,2.708104234,57.17053657
3,4,149.904148,,,,2.54202029,81.63566923
3,5,165.266034,,,,3.056358561,108.904549
3,6,179.9104952,,,,1.663755378,140.7288213
3,7,193.0705002,,,,3.002390025,168.2917417
3,8,207.0748418,,,,2.111007643,194.2091779
3,1,222.2793419,,,,1.793572865,229.2676196
3,2,236.3993056,,,,2.006679495,20.18199688
3,3,250.4722888,,,,2.095241424,49.77536555
3,4,262.2411491,,,,2.712458709,78.23667748
3,5,277.2455411,,,,1.664337643,107.4179835
3,6,290.2415396,,,,2.668625286,134.9763663
3,7,304.0033599,,,,2.085785894,164.1590516
3,8,317.4966255,,,,2.352320783,198.2370455
3,1,329.7333626,,,,1.582903853,228.5708836
3,2,342.8091165,,,,2.41162766,27.75174094
3,3,359.8766283,,,,2.321699181,56.21868509
3,4,377.8698224,,,,2.626577652,86.21288248
3,5,393.5542946,,,,2.531881053,113.2894734
3,6,410.7916572,,,,1.555708503,134.9046915
3,7,426.1690695,,,,1.77774087,162.7192134
3,2,440.4635444,,,,2.07186988,201.25
3,1,454.9257585,,,,2.822871564,0
3,2,469.6932086,,,,2.636569232,24.35967133
3,5,484.9364639,,,,2.284188401,57.5
3,5,502.2566824,,,,2.791132946,86.25
3,5,516.2570431,,,,2.8462742,109.146759
3,6,529.9146916,,,,2.383862842,139.7353459
3,7,546.0701925,,,,1.718924052,165.2864898
3,1,558.1645188,,,,2.407506602,201.25
3,1,571.7144925,,,,2.398591913,229.9047383
3,2,587.4833511,,,,2.025827031,28.75
3,3,601.5017251,,,,2.298778389,54.88016681
3,4,616.1197204,,,,1.839154699,86.25
3,5,632.00842,,,,1.661799803,110.7062931
3,6,646.2082062,,,,1.89660947,143.75
3,7,660.4909302,,,,2.966167174,165.7280825
3,8,673.1530558,,,,1.893963449,198.6888969
3,2,688.861405,,,,1.48067569,0
3,3,709.1322126,,,,2.0021531,28.75
3,3,725.3344761,,,,2.545757979,57.5
3,4,738.8339617,,,,2.296898145,86.25
3,5,754.3779092,,,,3.316155194,115
3,6,765.5053773,,,,3.208343837,142.8632124
3,7,782.8362617,,,,3.599807742,169.152919
3,8,799.5748051,,,,2.216128036,201.1709831
3,1,815.106564,,,,3.425884532,229.7285938
3,2,830.3399689,,,,5.203097037,28.02702254
3,3,844.8435181,,,,3.019203803,47.64057265
3,4,856.7525395,,,,2.195549107,79.01188813
3,5,870.3825961,,,,1.774303661,112.9537171
3,6,883.879793,,,,2.107543092,140.2200064
3,7,898.2256084,,,,2.75223433,163.3434097
3,8,913.3898875,,,,1.778426862,193.6799112
3,1,929.89547,,,,2.219497451,227.7843605
3,2,943.1243252,,,,1.846297259,10.97534225
3,3,957.3580061,,,,1.868801437,37.90733444
3,4,972.7342026,,,,1.788896237,62.17858295
3,5,986.6053624,,,,2.072645708,86.25
3,6,999.482251,,,,2.232682216,115
4,2,2.339872931,,,,2.457398401,23
4,3,15.13227931,,,,2.130610829,52.68351568
4,4,30.03878197,,,,1.924849387,81.58401184
4,5,41.79211389,,,,2.505009185,108.6903231
4,6,56.9111186,,,,2.022648855,140.2442964
4,7,78.33569316,,,,1.940906643,168.4285061
4,8,91.41602629,,,,2.587132465,193.9668044
4,1,104.6074927,,,,2.04460382,227.465695
4,2,117.8501402,,,,2.316998042,22.62417468
4,3,132.7748787,,,,2.148873896,55.79276255
4,4,148.0889261,,,,2.093784918,84.09045947
4,5,163.2716833,,,,2.685435143,112.2833763
4,6,178.094616,,,,1.78795823,138.7926921
4,7,191.6688641,,,,2.874009284,164.73411
4,8,203.7395521,,,,2.136577273,196.3082331
4,1,218.4263124,,,,2.073437128,229.0820422
4,2,232.1295639,,,,2.608728363,16.75273638
4,3,246.7855373,,,,2.661234439,48.35637915
4,4,259.2868838,,,,3.037158708,77.00719849
4,5,272.6899652,,,,3.355272999,110.303968
4,6,286.9538417,,,,2.8673761,140.175164
4,7,300.0044124,,,,2.443508281,169.3198176
4,8,316.2157821,,,,2.75443849,193.4507288
4,1,327.7809788,,,,3.153047262,226.9399125
4,2,342.3951807,,,,2.58992125,22.82092813
4,3,359.3247416,,,,3.439488857,50.69128698
4,4,377.8556908,,,,2.233968325,84.75296174
4,5,392.8786995,,,,2.843894325,112.3437379
4,6,405.1059465,,,,3.173005286,141.9017266
4,1,420.6672628,,,,2.692007008,172.5
4,2,438.445551,,,,2.108121295,201.25
4,1,453.0261315,,,,2.374834338,0
4,4,468.0280413,,,,1.907465822,28.75
4,5,484.1180192,,,,1.597967888,57.5
4,6,498.5739618,,,,2.141064318,86.25
4,5,514.2005859,,,,2.24934704,103.9038779
4,6,528.2305955,,,,2.119147319,143.75
4,7,541.8736661,,,,2.209424012,162.0897275
4,8,555.58338,,,,1.869108175,195.4437587
4,2,571.1189039,,,,1.765847087,0
4,2,586.6443563,,,,2.51883314,28.75
4,4,600.3620619,,,,1.772611203,57.5
4,4,615.4018977,,,,2.133945733,78.00298083
4,5,629.4246509,,,,1.988403655,112.5551825
4,6,643.2564219,,,,2.058776221,143.75
4,7,658.207877,,,,2.610726478,167.0714316
4,8,671.8008105,,,,2.722106119,192.6768824
4,2,688.148352,,,,1.953377755,0
4,3,708.0944529,,,,2.039926446,28.75
4,3,722.3469115,,,,2.227163894,48.48523927
4,4,736.1875386,,,,1.512006571,81.04137147
4,5,751.700109,,,,2.172016484,112.3790181
4,6,765.2289769,,,,1.551232712,138.288456
4,7,781.9064674,,,,1.637960347,159.4138513
4,8,799.5391497,,,,1.323926326,185.0710521
4,1,815.0273418,,,,1.825922436,226.7199868
4,2,830.2010176,,,,1.935457646,2.429802032
4,3,841.5779461,,,,2.52704408,28.75
4,4,853.455819,,,,2.416080697,59.33906792
4,5,869.2293083,,,,1.470985133,100.0835045
4,6,882.20486,,,,2.235733466,118.4557983
4,7,894.8986424,,,,2.231011474,149.5012862
4,8,909.1332667,,,,2.167160428,182.0265439
4,1,921.7768282,,,,2.382153937,229.9094518
4,2,933.4971335,,,,2.447132974,11.2812738
4,3,946.8739252,,,,2.327756084,48.36091319
4,4,959.2781862,,,,2.735814847,78.00366997
4,5,971.676475,,,,2.068177184,110.6917333
4,6,984.8694764,,,,2.15459142,143.75
4,7,1000.453791,,,,2.995047631,172.5
5,3,12.87166735,,,,2.399126645,46.88570672
5,4,27.61470235,,,,2.208975919,74.30096072
5,5,39.27329004,,,,2.305338772,111.9933484
5,6,55.17789458,,,,2.502622827,140.5413495
5,7,76.23796535,,,,2.509761688,167.2658513
5,8,88.60086483,,,,3.359578771,193.024539
5,1,100.9232099,,,,2.575996529,229.3738537
5,2,115.2062772,,,,1.787809955,26.56345848
5,3,131.9803986,,,,2.876182188,52.70480523
5,4,147.057521,,,,2.682245045,83.00114036
5,5,162.2600693,,,,3.230731128,107.4508199
5,6,175.3220077,,,,2.469478186,137.0180258
5,7,188.9667539,,,,2.583178889,164.9384532
5,8,201.4266159,,,,1.839658482,193.2479101
5,1,214.0608271,,,,2.126089173,229.67891
5,2,227.5306705,,,,2.564939968,14.23330003
5,3,243.3496804,,,,5.815317688,50.73361016
5,4,256.2436443,,,,1.948182429,77.49875614
5,5,271.2903676,,,,2.251081511,105.6831437
5,6,285.7071144,,,,2.459592499,131.4096632
5,7,298.7029302,,,,2.045174455,160.7411596
5,8,313.3842536,,,,2.2591833,187.6662523
5,1,326.8104613,,,,1.659964966,229.8844027
5,2,340.1058941,,,,2.305229037,22.12226594
5,3,357.3451704,,,,2.75530762,53.92345119
5,4,377.1855657,,,,1.947557946,82.04372042
5,5,391.9446767,,,,2.769587461,99.95884615
5,6,404.5234471,,,,2.280624277,125.8287612
5,1,418.2005752,,,,2.546085399,172.5
5,2,437.6697615,,,,2.268772091,201.25
5,3,450.9208341,,,,2.25370717,0
5,2,465.4983348,,,,2.165308795,28.75
5,3,480.258284,,,,2.376729847,57.5
5,4,495.0827071,,,,2.17565504,86.25
5,5,509.2675445,,,,2.607614867,115
5,6,525.1115841,,,,2.439312206,143.75
5,7,537.1619075,,,,2.716824461,172.5
5,8,552.4769566,,,,2.173894131,192.3754421
5,1,567.2459238,,,,1.604491552,228.9946775
5,2,580.6106392,,,,2.167330459,19.16835094
5,6,596.1850075,,,,1.917895812,57.5
5,4,611.5372169,,,,2.265673318,79.28549828
5,5,628.1951131,,,,2.157159209,109.2404259
5,6,640.9916544,,,,2.340071363,138.9642405
5,7,656.1285445,,,,1.135540368,168.2884326
5,8,668.6513677,,,,2.474057471,192.5403786
5,1,684.6759993,,,,1.640246922,227.8438364
5,2,697.8434575,,,,2.60279663,14.85331874
5,3,718.2992701,,,,1.957129663,42.91985591
5,4,732.7426935,,,,1.815773813,75.7334358
5,5,750.4934046,,,,1.272573825,102.2261307
5,6,761.7082002,,,,2.595902077,129.6573816
5,7,773.9171722,,,,2.743863147,161.972329
5,8,787.3187205,,,,2.329722523,188.4686303
5,1,803.1969554,,,,1.879149851,227.9649787
5,2,816.6020643,,,,2.01776076,13.37579808
5,3,828.2219144,,,,2.537882822,45.65640702
5,5,842.3175602,,,,2.734709251,86.25
5,5,859.0888282,,,,2.372575924,105.1552198
5,6,870.8912566,,,,2.521098765,141.0654453
5,7,884.5899935,,,,2.329770141,172.5
5,8,900.2629238,,,,2.922573683,193.9192165
5,1,913.026717,,,,2.152043823,228.5281354
5,2,926.3586876,,,,2.538316452,23.11131177
5,3,942.9477892,,,,2.732851935,57.5
5,4,956.2639727,,,,2.130038632,86.25
5,5,969.5933523,,,,2.087577543,104.0758725
5,6,983.3700227,,,,2.424556607,131.6214874
5,7,999.5105282,,,,2.673197367,172.5
6,3,8.44743518,,,,2.053506917,52.41348237
6,4,22.20539065,,,,2.131059589,79.41199408
6,5,37.96907758,,,,3.611333115,114.9314928
6,6,53.89577949,,,,1.641033402,140.2163683
6,7,74.15244912,,,,6.256555542,172.2311696
6,8,86.15250402,,,,4.489977662,196.3050337
6,1,100.6246948,,,,2.340847308,226.8722923
6,2,113.9832493,,,,3.069022545,21.34100513
6,3,130.3131903,,,,2.097325615,41.92517123
6,4,145.8462746,,,,1.926042694,66.39628178
6,5,159.9233908,,,,2.438181245,97.08059721
6,6,172.5959361,,,,2.470264407,120.8894731
6,7,186.0395285,,,,2.268853141,150.4551816
6,8,197.0768466,,,,2.747734713,175.6859608
6,1,208.5590274,,,,2.468495543,226.3362943
6,2,221.8710059,,,,2.322594919,11.82181403
6,3,242.1861343,,,,1.167795812,38.97069017
6,4,251.75164,,,,3.005591252,57.5
6,5,267.1515319,,,,1.833196592,93.037576
6,6,280.6898862,,,,2.148230906,120.0566926
6,7,292.9533765,,,,2.403984794,149.9908561
6,8,307.371573,,,,1.948761273,180.1051318
6,1,322.7296781,,,,1.887664856,229.8668611
6,2,337.2308071,,,,1.986112632,6.012567492
6,3,356.0471125,,,,1.407083624,34.52843308
6,4,375.0257945,,,,1.514857567,57.5
6,5,386.5138484,,,,2.502599683,86.25
6,6,396.6654063,,,,2.83207764,115
6,7,408.5398671,,,,2.556507891,157.2918138
6,8,424.1585567,,,,2.003123731,198.1701226
6,1,445.3444165,,,,1.462241457,228.8459076
6,2,464.1901863,,,,1.617404492,28.75
6,3,478.3344169,,,,2.315185391,57.5
6,4,492.7474342,,,,2.161593561,86.25
6,5,508.8250965,,,,1.747952838,105.2652865
6,6,522.9374004,,,,2.434187567,133.5792969
6,7,534.569623,,,,3.118052496,161.0339314
6,8,548.3946245,,,,2.271234203,191.9781299
6,1,561.4957539,,,,2.450782119,0
6,2,576.189694,,,,2.571649982,26.94035261
6,3,590.8243961,,,,1.989780665,54.63785606
6,4,608.4632954,,,,1.223454525,79.80879233
6,5,625.5251321,,,,1.436911195,102.5313605
6,6,638.9465204,,,,2.020215218,127.6840257
6,7,652.4196782,,,,1.898758559,162.0971213
6,8,665.1309881,,,,2.123238156,192.4123707
6,1,678.4096097,,,,2.121720646,227.7613736
6,2,692.504323,,,,2.722363572,20.51426972
6,3,710.8495112,,,,2.079759835,57.5
6,4,726.9509125,,,,2.093060613,86.25
6,5,740.4555828,,,,2.00158816,115
6,6,756.2794059,,,,2.39968951,142.2265418
6,7,770.0803661,,,,2.720090978,170.0109481
6,8,781.8325008,,,,2.432921863,201.1360093
6,1,795.2992451,,,,2.910848284,0
6,2,808.9826269,,,,1.886434384,28.74098403
6,3,823.5551927,,,,1.790350717,56.62006876
6,4,837.2796897,,,,2.028119576,84.56635598
6,5,854.9394224,,,,3.109953005,114.6587066
6,6,869.8264214,,,,2.269719782,139.409238
6,7,883.6800361,,,,2.076079165,165.0466028
6,8,897.7545924,,,,2.110378594,191.7594094
6,1,911.8329204,,,,2.257208655,229.9690619
6,2,924.1372593,,,,2.523050064,19.60602153
6,3,936.3097266,,,,3.165725575,57.5
6,4,949.0758228,,,,2.830567296,86.25
6,5,964.3604317,,,,2.149924725,109.3112595
6,6,978.3676596,,,,1.535950456,137.9447869
6,7,998.4168575,,,,1.7916055,172.5
7,3,5.970444433,,,,2.121123607,48.12904068
7,4,18.99665545,,,,1.96234405,76.24570182
7,5,37.95010752,,,,1.218047891,100.8330289
7,6,51.74248286,,,,2.057822324,118.8398052
7,7,74.10948132,,,,1.217269091,147.7988087
7,8,85.05116975,,,,2.627565222,172.5
7,1,99.2885514,,,,2.019331975,228.1593553
7,2,111.5691273,,,,2.341095422,0
7,3,122.887148,,,,2.58603451,35.97383663
7,4,135.5382382,,,,2.332544886,73.4286005
7,5,152.573895,,,,1.313080348,101.594663
7,6,163.3416527,,,,2.627777699,122.8387684
7,7,176.3232458,,,,2.231685477,161.2379092
7,8,187.7731685,,,,2.841573557,195.2548585
7,1,203.3321314,,,,2.653142345,228.0252802
7,2,214.5825262,,,,2.754831257,21.30611845
7,3,226.3192254,,,,2.525464853,56.42235959
7,4,241.6451469,,,,3.092939677,85.09264273
7,5,255.1711344,,,,2.659868108,114.1358745
7,6,269.660668,,,,2.676910086,143.75
7,7,283.5901127,,,,2.781065107,170.9281366
7,8,296.5211581,,,,2.470150184,200.2131439
7,1,311.2775976,,,,2.529122144,227.314542
7,2,325.7825981,,,,2.658193059,23.03281814
7,3,339.7214539,,,,2.065227392,54.99037099
7,4,354.8719918,,,,0.973271271,83.04821959
7,6,369.8173714,,,,2.164646853,115
7,8,385.9950107,,,,2.629218348,143.75
7,8,402.5910546,,,,2.310752873,172.5
7,1,422.6210195,,,,1.968438551,201.25
7,2,440.5067013,,,,2.194503784,0
7,2,457.3114408,,,,2.01456058,23.9438986
7,3,472.7163696,,,,1.572241732,51.16414953
7,4,487.365858,,,,1.560759329,82.45830046
7,5,503.2558882,,,,1.910339676,115
7,6,518.7591262,,,,2.156506,143.75
7,7,530.8923056,,,,2.156515204,172.5
7,8,544.3123198,,,,2.301071654,201.25
7,1,559.5742301,,,,2.056570368,0
7,2,575.4860029,,,,1.212107598,23.95965633
7,3,589.3859743,,,,1.820714045,54.03586732
7,4,603.1985246,,,,2.240061754,81.56169832
7,6,616.8477416,,,,1.869962573,115
7,6,630.9939151,,,,2.450951548,143.75
7,7,646.9408991,,,,2.083653143,170.9733221
7,8,660.9686527,,,,2.110235323,195.7880025
7,1,674.7959665,,,,3.146086028,227.5823372
7,2,689.4791098,,,,3.031868835,28.75
7,3,709.7373588,,,,1.719248052,57.5
7,4,725.8965313,,,,1.988770223,85.13220146
7,5,739.8911201,,,,1.333790207,115
7,6,755.6445495,,,,2.44006761,140.6593121
7,7,769.1653041,,,,2.177350818,163.6084538
7,8,781.7856474,,,,2.788611374,189.4744726
7,1,793.912152,,,,2.294111092,229.5159342
7,2,808.9778475,,,,2.146756648,23.69943663
7,3,823.0637073,,,,2.260028915,51.41846803
7,4,836.4495394,,,,2.549564714,84.06985602
7,5,854.8296801,,,,2.471280625,113.0890462
7,6,867.9139554,,,,2.434603036,142.756136
7,7,880.0899046,,,,1.833665992,170.8443634
7,8,893.257489,,,,2.610248728,190.8185582
7,1,906.7961642,,,,2.376582835,229.6386744
7,2,920.5130829,,,,1.982262251,18.95389894
7,3,933.2576667,,,,2.370291374,42.84068726
7,4,946.9163315,,,,3.033748394,83.16992637
7,5,961.7144133,,,,1.998110804,114.0280724
7,7,974.588102,,,,2.599252023,143.75
7,7,996.0360991,,,,1.322009321,172.5
8,3,1.552522115,,,,2.46910063,53.66666667
8,4,13.89851877,,,,2.051805018,83.04036299
8,5,26.31922564,,,,2.734545098,107.5063439
8,6,39.63735864,,,,2.264467635,143.75
8,7,53.81717989,,,,2.153943662,170.1619912
8,8,67.31763966,,,,2.602949454,197.0061242
8,1,79.15685617,,,,2.585077599,228.5296775
8,2,97.60608842,,,,2.199278855,18.54242704
8,3,114.5631434,,,,2.199573506,50.7759681
8,4,130.0414953,,,,1.925483342,80.22357417
8,5,142.364819,,,,2.321801184,106.8619224
8,6,155.3838899,,,,2.445213314,139.8765254
8,7,171.2767951,,,,1.916141088,167.0336179
8,8,185.6633722,,,,1.918987344,192.8543128
8,1,200.3192593,,,,2.09172579,229.7671509
8,2,211.8804073,,,,1.870039541,25.65224043
8,3,225.8925157,,,,1.703303707,57.24664495
8,4,241.2709537,,,,2.325668889,82.71660308
8,5,254.8462591,,,,2.058344907,112.0209604
8,6,268.8180146,,,,2.544071344,143.572778
8,7,283.0249107,,,,1.903222481,166.3240171
8,8,296.1014038,,,,1.956673222,195.6794245
8,1,309.0356006,,,,2.4299734,228.7360869
8,2,323.6318206,,,,2.641997964,21.71459609
8,3,338.506271,,,,1.73538881,50.99633163
8,4,351.5822816,,,,2.087106399,81.36830651
8,6,365.7378121,,,,3.102072367,115
8,8,385.3299343,,,,2.213687827,143.75
8,7,401.3639399,,,,1.68740124,170.0710762
8,1,421.5716906,,,,1.972358414,201.25
8,2,440.4635444,,,,2.541627511,0
8,2,454.9257585,,,,1.97399315,25.0001493
8,4,468.6865501,,,,2.255108585,57.5
8,5,484.9364639,,,,1.764911723,86.25
8,5,502.2566824,,,,2.344121816,115
8,6,515.409093,,,,2.228054758,143.75
8,7,528.4723003,,,,2.175746196,172.5
8,8,542.4667974,,,,2.619335731,201.25
8,1,558.1645188,,,,2.342638389,0
8,2,571.5339249,,,,2.319082485,28.75
8,3,587.4833511,,,,2.188397532,55.66394576
8,5,601.1055905,,,,2.017668369,86.25
8,5,616.1197204,,,,1.755876806,112.6741086
8,6,629.7018209,,,,3.066818138,143.75
8,7,646.2082062,,,,1.509935599,168.0429958
8,8,658.3803169,,,,2.449149175,199.0394742
8,1,672.5079594,,,,2.119105873,229.8473215
8,2,688.861405,,,,2.226590577,28.75
8,3,709.1322126,,,,2.081816183,57.5
8,4,725.3344761,,,,1.108771159,81.35230936
8,5,738.8339617,,,,2.474229259,103.7125964
8,6,754.3779092,,,,1.773774211,134.5242626
8,7,765.0816506,,,,2.205335394,168.2770027
8,8,777.5629265,,,,2.17202582,199.6846643
8,1,791.5525854,,,,2.257679613,229.6268326
8,2,806.6251992,,,,2.497732272,25.37008305
8,3,820.3727983,,,,2.090116574,52.28840872
8,4,835.594435,,,,1.638843272,80.29042261
8,5,854.0564155,,,,2.158940065,101.8915757
8,6,867.5057311,,,,2.176215498,125.5503928
8,7,879.1869939,,,,2.509659852,153.7682848
8,8,889.2611489,,,,3.180580844,188.5408649
8,1,902.63914,,,,2.338313701,229.1075403
8,2,915.5712034,,,,2.211594132,24.81840906
8,3,927.073063,,,,1.777930955,56.86072194
8,4,945.9010616,,,,1.978740033,82.46775012
8,5,961.22799,,,,2.025328982,107.3661228
8,6,973.1305162,,,,2.270547573,133.7289417
8,7,987.1479705,,,,2.032280562,167.8694607
9,4,12.33421954,,,,1.674711981,76.14004437
9,5,23.57885901,,,,2.916625541,100.4868435
9,6,36.13196372,,,,2.458562323,137.9985917
9,7,52.73172494,,,,1.65433567,169.4954281
9,8,65.68722927,,,,2.605280687,199.707055
9,1,78.58808311,,,,2.522232814,229.5534416
9,2,92.96476114,,,,2.45432547,26.54548814
9,3,111.5061726,,,,2.14421274,52.74438491
9,4,126.9116703,,,,2.284231625,82.93070521
9,5,138.8597482,,,,1.836119059,111.9853452
9,6,153.799785,,,,2.908683949,140.743241
9,7,168.4239874,,,,2.096539289,166.3761509
9,8,181.2883109,,,,2.759453975,195.3798342
9,1,195.2464041,,,,1.881986228,228.3127425
9,2,210.2238864,,,,1.720184206,18.33730951
9,3,225.7437723,,,,1.530658153,45.62181312
9,4,239.7516501,,,,2.005856634,70.16179935
9,5,253.3989605,,,,1.972433009,103.0314195
9,6,268.7483538,,,,2.120692937,136.6952003
9,7,279.7798971,,,,2.75923192,165.4731432
9,8,293.2544412,,,,2.543609569,198.1643694
9,1,307.9417946,,,,1.420467504,229.935788
9,2,320.9689102,,,,2.366602136,20.56362784
9,3,334.7585988,,,,2.689450069,51.50187501
9,6,349.2433048,,,,2.133642123,86.25
9,5,363.7651666,,,,2.466818089,115
9,8,384.6852868,,,,2.204383114,143.75
9,8,399.9244934,,,,2.201350899,172.5
9,1,420.6672628,,,,1.804040126,201.25
9,2,438.445551,,,,2.900416324,0
9,2,453.0261315,,,,2.529887489,23.42383449
9,4,468.0280413,,,,1.845340482,57.5
9,5,484.1180192,,,,2.06823402,86.25
9,6,498.5739618,,,,2.086078599,115
9,6,513.4363458,,,,1.978884517,135.5004236
9,7,528.2305955,,,,2.002286563,166.2548454
9,8,540.8260176,,,,2.625470496,201.25
9,1,554.7583035,,,,2.168376419,0
9,2,571.1189039,,,,2.466876219,28.75
9,3,586.6443563,,,,1.566686059,47.88337484
9,4,600.3620619,,,,2.377491787,86.25
9,5,614.7950879,,,,1.416472929,108.6998984
9,6,628.2095941,,,,2.791516836,143.75
9,7,643.2564219,,,,2.072722805,162.8901758
9,8,657.4777481,,,,2.101269733,201.25
9,1,670.9985163,,,,2.496310718,229.797095
9,2,688.148352,,,,1.844515992,28.75
9,3,708.0944529,,,,2.686767425,57.5
9,4,720.9172521,,,,2.355461357,69.36322733
9,5,734.271974,,,,1.634452516,104.4289811
9,6,749.1767188,,,,2.003403988,134.2008937
9,7,763.1667504,,,,1.938042222,160.4139549
9,8,776.8422464,,,,2.652226654,186.2966863
9,1,790.7305857,,,,2.033495944,226.8569846
9,2,805.272005,,,,2.151052066,12.83948914
9,3,817.8793531,,,,2.176608951,43.67269473
9,4,831.9579815,,,,1.937226219,70.8773966
9,5,847.9847211,,,,2.774485793,99.27654246
9,6,859.1427693,,,,2.037785691,135.771483
9,7,871.7231477,,,,1.97402172,168.2292788
9,8,885.2652954,,,,2.028728435,199.879996
9,1,899.4391334,,,,1.949237512,227.6345515
9,2,913.7934853,,,,2.598694677,24.98005712
9,3,926.7135001,,,,2.242665017,53.59466408
9,4,943.989618,,,,2.037224087,84.12756132
9,5,957.4587864,,,,1.80331821,112.8453706
9,6,968.7170177,,,,2.388755235,142.7007647
9,7,984.8694764,,,,2.02203734,169.0016249
9,8,1000.453791,,,,2.593087167,198.8040382
10,4,6.297387093,,,,2.103307642,83.31500276
10,5,18.60284949,,,,2.112420558,111.3737249
10,6,33.79262572,,,,2.295222614,138.2933913
10,7,50.91554459,,,,2.657942862,171.560483
10,8,65.09499174,,,,2.377078398,195.5345936
10,1,77.28955937,,,,2.588566754,228.8152835
10,2,92.06654618,,,,1.957380338,27.32607586
10,3,109.2882886,,,,3.540274055,54.56899966
10,4,125.4585363,,,,3.36799066,85.08322421
10,5,137.2178858,,,,2.663235608,113.5352584
10,6,152.766067,,,,2.46414827,138.3206013
10,7,165.5030552,,,,2.227572883,170.2895376
10,8,179.1610184,,,,2.515392851,193.559987
10,1,190.5832978,,,,2.508996846,229.3097991
10,2,204.1706449,,,,2.340854757,18.16819731
10,3,217.9835897,,,,1.683866598,50.64028731
10,4,231.7310367,,,,2.39477026,77.02848938
10,5,247.331033,,,,2.216742662,103.1293894
10,6,265.4217055,,,,1.464489671,131.2231229
10,7,277.2332258,,,,2.390990278,157.961405
10,8,292.04135,,,,1.997618271,185.5008848
10,1,305.2603765,,,,2.192951396,227.4208047
10,2,317.5097854,,,,2.300628224,21.02838432
10,3,332.5283566,,,,2.326431729,48.89723064
10,6,346.6603434,,,,1.649055404,86.25
10,6,361.2045104,,,,2.048992886,115
10,8,383.6159931,,,,1.765410068,143.75
10,8,399.7242313,,,,2.147154936,172.5
10,1,418.2005752,,,,1.861616532,201.25
10,2,437.6697615,,,,2.424678713,0
10,3,450.9208341,,,,2.646590144,28.75
10,3,465.4983348,,,,2.472060004,54.26617829
10,4,480.258284,,,,2.317837399,81.79078901
10,5,495.0827071,,,,2.303051325,109.6217467
10,6,509.2675445,,,,2.136640598,137.6154298
10,7,525.1115841,,,,1.536144958,164.4069694
10,8,537.1619075,,,,2.054976302,192.6726002
10,1,550.0715724,,,,2.44863029,229.4307813
10,2,564.1982346,,,,2.112258059,23.04166331
10,5,580.5061609,,,,2.991492292,57.5
10,6,596.1850075,,,,1.964437713,86.25
10,5,610.3473491,,,,2.271914055,100.6189371
10,6,624.3674626,,,,2.905025691,143.75
10,7,638.6200932,,,,1.785884947,160.8115091
10,8,653.6387456,,,,1.829531736,188.1278093
10,1,666.4788744,,,,2.372241129,229.299597
10,2,683.3614633,,,,1.343604507,16.1261059
10,3,696.3471614,,,,2.213818919,44.63726725
10,4,713.7480524,,,,2.28518828,79.62628748
10,5,727.8043533,,,,2.017311832,113.2783438
10,6,744.4102781,,,,2.276804925,134.7459303
10,7,756.9305369,,,,2.13150428,162.5135035
10,8,771.2042239,,,,1.503206839,192.4712303
10,1,785.6322952,,,,1.714439379,228.5399177
10,2,797.8753868,,,,1.79967951,24.11377061
10,3,811.5266707,,,,2.453342684,50.42009655
10,4,824.0226133,,,,2.69673217,80.79305297
10,5,842.3175602,,,,2.802430828,115
10,6,855.2274817,,,,2.406175614,143.75
10,7,869.5596855,,,,2.785436942,167.2151611
10,8,884.5899935,,,,1.917267103,196.4242966
10,1,897.5078698,,,,2.738169545,229.7993761
10,2,912.342779,,,,2.265776746,19.38507154
10,3,924.9721184,,,,2.428420274,50.27575306
10,4,942.9477892,,,,1.807336107,74.25278966
10,5,956.2639727,,,,1.799219506,102.0669406
10,6,968.2777783,,,,2.531387823,131.4112257
10,7,983.1393526,,,,1.774812993,163.5832891
10,8,999.5105282,,,,1.921407173,199.1486134
11,4,4.901967242,,,,1.921710344,78.31423895
11,5,16.88620501,,,,2.033830635,108.2034688
11,6,31.41524904,,,,2.839131238,134.6066957
11,7,50.56206934,,,,1.727036924,164.5117865
11,8,62.69060896,,,,2.654040993,195.2022957
11,1,76.83188659,,,,2.31166209,228.6603458
11,2,91.33908197,,,,3.248011732,28.19253435
11,3,108.4603865,,,,3.378937464,55.29030048
11,4,125.1121054,,,,1.660312425,82.20754591
11,5,136.6679,,,,3.232634458,105.8165297
11,6,150.5627098,,,,2.783258945,128.5905604
11,7,164.5107364,,,,1.818123087,155.5848526
11,8,176.1038367,,,,2.973117853,183.5607165
11,1,188.3707813,,,,2.197703512,228.6866243
11,2,199.6501582,,,,2.923865514,17.95201475
11,3,213.9098034,,,,2.254469796,47.73668036
11,4,227.8803498,,,,2.335454034,78.87848068
11,5,241.9760539,,,,2.648026365,105.7588981
11,6,256.8679564,,,,1.512235429,138.3424323
11,7,271.1526511,,,,2.504151834,168.7638479
11,8,284.1574037,,,,3.267579169,195.5495376
11,1,301.0310255,,,,1.879440026,0
11,2,314.1534779,,,,2.551704608,16.2015754
11,3,328.8305179,,,,1.981641309,49.29529886
11,4,343.5857068,,,,2.012260809,86.25
11,5,357.6290637,,,,2.586580582,115
11,6,374.1936204,,,,1.719035062,136.2270745
11,7,390.1881365,,,,1.88241289,164.6068059
11,8,404.8097931,,,,2.03564959,196.7334259
11,1,423.552317,,,,1.460747927,0
11,2,444.5551539,,,,1.859043698,21.22374969
11,3,464.1901863,,,,1.281934474,46.44564974
11,4,478.3344169,,,,1.739456494,74.46699947
11,5,492.7474342,,,,2.045554486,103.7869358
11,6,506.3964158,,,,1.491115252,139.0671114
11,7,519.8431812,,,,3.126032347,169.1112091
11,8,532.9879422,,,,1.978563059,197.1036509
11,1,547.0891285,,,,2.592241565,228.6477455
11,2,561.4957539,,,,2.237684311,24.45023637
11,3,574.2534317,,,,3.093674868,52.12167216
11,4,589.1656836,,,,1.441173118,84.21045414
11,5,604.0174165,,,,2.039993058,111.3289549
11,6,618.7227039,,,,2.285452755,143.75
11,7,632.0751638,,,,2.405462018,172.5
11,8,646.4663143,,,,2.994856653,198.2791526
11,1,659.6021449,,,,2.62378825,228.0308594
11,2,673.9659201,,,,1.968868178,25.73761344
11,3,690.5369604,,,,2.265859008,55.10305958
11,4,710.8495112,,,,2.143565651,83.8660284
11,5,726.9509125,,,,2.111295113,112.3746753
11,6,740.4555828,,,,2.543299222,142.3144024
11,7,752.2453497,,,,2.874711888,169.6309123
11,8,765.3641961,,,,2.474655815,201.25
11,1,779.4155339,,,,2.938671335,0
11,2,795.2992451,,,,1.730819327,22.55143966
11,3,808.6408515,,,,2.232338265,47.32947936
11,4,821.9990727,,,,2.639375329,77.0715268
11,5,835.2597996,,,,2.041799721,105.4863522
11,6,850.8301757,,,,2.667330192,135.7132188
11,7,867.662375,,,,1.561792197,163.6277429
11,8,882.0730237,,,,1.900502584,187.5866431
11,1,895.8124397,,,,2.232368164,227.9600678
11,2,908.2095701,,,,2.599610339,6.787627109
11,3,921.9972433,,,,1.773491942,46.47272594
11,4,936.3097266,,,,2.060140828,73.86917914
11,5,949.0758228,,,,2.516360216,103.4156619
11,6,963.4034662,,,,1.364115153,135.7413186
11,7,978.1153241,,,,2.042986056,165.2939344
11,8,998.4168575,,,,3.970229693,191.797842
12,4,0.772436967,,,,2.481324366,84.33333333
12,5,13.544466,,,,2.544179099,103.0532622
12,6,28.19479054,,,,2.139446202,137.3471437
12,7,45.93668272,,,,1.692265721,161.8398698
12,8,60.41193116,,,,1.844785088,186.6736398
12,1,75.29875748,,,,1.718290896,228.411515
12,2,91.16744907,,,,1.690844156,6.310559484
12,3,107.8064237,,,,1.694107652,30.86035665
12,4,122.6773504,,,,1.933302514,57.5
12,5,133.8270374,,,,2.578547707,86.25
12,6,145.116059,,,,2.54672204,115
12,7,155.2071048,,,,2.842516898,154.7902895
12,8,170.1540949,,,,1.909350734,188.0873951
12,1,184.1215056,,,,2.325507539,229.206307
12,2,195.957107,,,,2.972094898,14.95758771
12,5,209.5791534,,,,2.595671047,57.5
12,5,224.7239959,,,,2.404101136,86.25
12,6,238.4862466,,,,2.724729661,115
12,6,253.2920796,,,,2.506852809,143.75
12,7,269.660668,,,,2.178389076,167.873169
12,8,282.4128515,,,,2.349851292,195.0627217
12,1,295.5174625,,,,2.805572174,224.0021229
12,2,309.2358144,,,,2.702875186,25.13024301
12,3,324.6901616,,,,1.566036715,52.61659036
12,4,338.9843686,,,,1.956732051,78.07421909
12,6,353.1685898,,,,2.419996005,115
12,6,369.8173714,,,,2.250343893,143.75
12,8,385.9950107,,,,1.947215353,172.5
12,8,402.5910546,,,,2.765568402,201.25
12,1,422.6210195,,,,1.9096032,0
12,2,440.5067013,,,,2.562072246,28.75
12,3,455.5670074,,,,1.831094387,55.0623842
12,4,471.5604616,,,,2.555851973,86.25
12,5,487.2657596,,,,1.313072279,111.9414664
12,6,503.2558882,,,,2.662607255,141.0895073
12,7,518.7591262,,,,1.89990356,166.13526
12,8,530.8923056,,,,2.589410131,194.9836137
12,1,544.3123198,,,,1.685008357,229.4010928
12,2,559.5742301,,,,1.700900748,26.35222104
12,3,572.5149401,,,,2.558304953,54.99026416
12,4,587.7504853,,,,1.997506118,78.94326045
12,5,602.2178784,,,,1.812968475,115
12,6,616.8477416,,,,1.915588982,143.75
12,7,630.9939151,,,,2.208730302,169.6461123
12,8,645.4743311,,,,2.04768284,197.3159204
12,1,658.463302,,,,2.323459831,229.8071876
12,2,672.4359109,,,,2.162667837,27.86514075
12,3,689.4791098,,,,1.674202917,56.46583692
12,4,709.7373588,,,,2.775923953,84.57015997
12,5,725.7074461,,,,2.091546741,114.1924843
12,6,739.8911201,,,,2.160507666,137.4089387
12,7,751.2473061,,,,2.196127478,170.305845
12,8,764.502988,,,,1.960286237,196.2973969
12,1,777.6821058,,,,2.437643282,229.7094833
12,2,791.7179583,,,,2.463973772,16.17183697
12,3,804.0848571,,,,3.191002231,43.73871977
12,4,818.5215554,,,,1.460603059,77.03614641
12,5,830.6003574,,,,2.789780749,101.0818882
12,6,847.8171325,,,,1.823272752,143.75
12,7,861.9815571,,,,2.001097217,172.5
12,8,874.8836849,,,,2.929827388,191.4266677
12,1,887.5892731,,,,2.684984914,228.8397568
12,2,899.7612375,,,,3.134949208,28.75
12,3,915.7794118,,,,1.239992791,49.50996529
12,4,930.3000302,,,,1.8794041,76.22170164
12,5,944.472214,,,,2.372012527,111.4382115
12,6,957.5324945,,,,1.898310576,142.0308644
12,7,974.588102,,,,2.491352184,172.5
12,8,996.0360991,,,,1.037148773,186.5615135
13,5,8.848751841,,,,2.707044131,106.5901384
13,6,25.20202714,,,,1.460278267,133.26404
13,7,39.63735864,,,,1.958970211,154.7083872
13,8,52.51054453,,,,2.374284843,187.2030742
13,1,63.74035172,,,,2.991747276,229.3393921
13,2,77.89630256,,,,2.177094567,25.17099617
13,3,92.08154141,,,,2.073449457,51.79960036
13,4,105.4426269,,,,2.907448145,79.99759097
13,5,120.2698694,,,,2.174871862,114.1346561
13,6,133.0293175,,,,2.077114413,142.8494174
13,7,148.9768127,,,,2.426247466,170.9424144
13,8,163.2603353,,,,1.770505168,200.5162973
13,1,177.7367969,,,,2.391556517,228.3774485
13,2,191.3164704,,,,2.672568246,26.0553485
13,3,205.2878448,,,,2.011738536,54.95454065
13,4,221.6843243,,,,1.889755934,80.21894507
13,6,237.4051997,,,,1.92102204,115
13,6,252.3909881,,,,2.305978574,142.5685226
13,7,267.5366989,,,,2.395044938,167.174746
13,8,279.7798005,,,,1.88798065,198.9135487
13,1,293.0945989,,,,2.300054172,229.7941311
13,3,307.8965898,,,,2.731926584,28.75
13,3,321.5718377,,,,2.453963397,57.5
13,4,334.8060853,,,,2.035619443,82.9828624
13,6,350.8661197,,,,2.736826406,115
13,6,365.7378121,,,,2.687247686,143.75
13,8,385.3299343,,,,2.811482998,172.5
13,8,399.976993,,,,2.169448393,201.25
13,1,421.5716906,,,,1.923090199,0
13,2,440.4635444,,,,2.980815966,28.75
13,3,454.235773,,,,2.029006136,54.68644123
13,4,468.6865501,,,,1.698103292,86.25
13,5,484.9364639,,,,2.054805564,115
13,6,502.2566824,,,,1.521620574,138.1462966
13,7,515.409093,,,,2.571170772,160.1206434
13,8,528.4723003,,,,2.564412589,190.5472439
13,1,542.4667974,,,,2.645285436,228.4309983
13,2,558.1645188,,,,1.877968613,22.35323444
13,3,571.5339249,,,,2.30436473,56.54364013
13,4,584.0925543,,,,2.278712922,85.91651385
13,5,601.1055905,,,,1.687629598,115
13,6,615.5679395,,,,2.156282186,139.3559855
13,7,629.7018209,,,,2.197410101,169.2209658
13,8,643.5530962,,,,2.289713726,195.1376819
13,1,657.7972691,,,,2.617353934,229.233885
13,2,672.0267592,,,,2.145443605,25.06107731
13,3,688.861405,,,,2.549171638,55.68230546
13,4,709.1322126,,,,4.191905808,81.89980912
13,5,725.3213606,,,,1.67274183,102.3730105
13,6,736.9561334,,,,2.276375194,126.5563863
13,7,750.2482043,,,,2.148599089,154.5075142
13,8,761.9765187,,,,2.759889648,191.5771664
13,1,774.42229,,,,2.787465789,229.1206033
13,2,786.61313,,,,2.274746656,24.09464015
13,3,799.7723311,,,,2.865673883,51.48698892
13,4,812.2133025,,,,2.89255663,80.56225021
13,5,825.6113948,,,,2.137823228,110.8677343
13,6,844.5124986,,,,2.399796823,138.5819396
13,7,857.8581738,,,,2.564616251,166.436551
13,8,871.5308143,,,,2.977371378,196.7404081
13,1,884.6195298,,,,1.72863437,229.9489426
13,2,896.6327265,,,,2.562454753,27.34864678
13,3,909.3357979,,,,2.001618591,54.30570886
13,4,924.9641376,,,,2.116079879,86.25
13,5,942.9706248,,,,1.637950862,109.7161873
13,6,956.626881,,,,3.008899947,143.75
13,7,969.4084677,,,,2.150567165,163.3724145
13,8,981.8737273,,,,2.44135477,190.6650341
13,1,993.6538166,,,,2.655935259,0
14,5,5.742093372,,,,2.435639024,108.0347897
14,6,18.02123139,,,,2.471994253,138.3213416
14,7,30.55523338,,,,2.602914371,171.0235247
14,8,46.59426795,,,,2.054386365,197.9316711
14,1,60.5212843,,,,2.525066986,229.723876
14,2,76.2523667,,,,2.357380991,24.32268382
14,3,89.3323065,,,,2.989595718,53.67211732
14,4,103.2921469,,,,2.903165976,83.21240092
14,5,119.8719867,,,,2.703590155,110.2510509
14,6,132.5957436,,,,3.308440963,137.7984881
14,7,148.3348396,,,,2.38001484,170.7899304
14,8,162.8459323,,,,3.335639261,200.9549672
14,1,175.5341892,,,,2.645754749,229.4386197
14,2,190.3082075,,,,1.613397545,27.34777599
14,3,204.0225415,,,,2.432632529,54.00989031
14,4,218.4928778,,,,2.001418687,80.75447125
14,5,234.0624522,,,,1.36074644,105.8379075
14,6,251.8786341,,,,1.478265289,129.2124651
14,7,265.3132525,,,,2.239745914,157.4489051
14,8,278.5422606,,,,2.056216696,186.9853497
14,1,290.3459153,,,,2.531235908,229.7358004
14,3,305.6246409,,,,1.719375618,28.75
14,3,319.9925928,,,,2.481227522,57.5
14,5,333.2011008,,,,2.264124257,86.25
14,6,349.2433048,,,,2.161078537,115
14,6,363.7651666,,,,2.092476001,138.3918884
14,8,384.6852868,,,,2.113829927,172.5
14,8,399.9244934,,,,2.201437729,201.25
14,1,420.6672628,,,,2.177311196,0
14,2,438.445551,,,,1.68994988,28.75
14,3,452.8491046,,,,2.585786342,52.51390458
14,4,468.0280413,,,,2.247642906,86.25
14,5,484.1180192,,,,2.557017308,115
14,6,498.5739618,,,,2.685084695,143.75
14,7,510.5944161,,,,3.449508241,167.4182638
14,8,524.2987301,,,,2.479565342,193.6581394
14,1,540.8260176,,,,1.812943195,229.155907
14,2,554.7583035,,,,2.039255746,15.53992878
14,3,571.1189039,,,,1.833933298,41.09516776
14,4,583.9462058,,,,2.376532046,78.07462304
14,5,600.3620619,,,,1.725799385,107.7912422
14,6,613.5301661,,,,1.684410535,137.1995224
14,7,628.2095941,,,,2.596917049,162.5223032
14,8,640.883628,,,,2.380350319,191.4856207
14,1,657.4777481,,,,1.459371761,229.8608641
14,2,670.3073373,,,,2.190087932,11.67841316
14,3,688.148352,,,,1.252342962,43.71946968
14,4,708.0944529,,,,1.403192762,63.2084075
14,5,717.7726826,,,,2.970584578,86.25
14,6,729.4030667,,,,2.487706675,128.609555
14,7,741.8741498,,,,2.889620634,162.100321
14,8,758.4717287,,,,1.608830434,192.8026351
14,1,771.4152095,,,,2.225118257,229.716302
14,2,784.5665901,,,,2.013453628,22.70059426
14,3,797.6740424,,,,2.005213716,50.47924279
14,4,810.2469625,,,,2.05498475,81.26186858
14,5,823.6784634,,,,2.463537693,110.6338099
14,6,842.3589578,,,,2.722988683,143.6372748
14,7,855.4939024,,,,2.350137346,171.8738749
14,8,870.0161924,,,,2.435947853,199.5824537
14,1,884.4279892,,,,1.71584254,229.0593817
14,2,896.0858473,,,,2.242088078,21.42801802
14,3,907.7399439,,,,2.549420099,53.91377334
14,4,924.3189552,,,,2.112300624,86.25
14,5,939.7447571,,,,2.50076803,115
14,6,952.8779949,,,,2.386605116,143.75
14,7,965.1641987,,,,2.163429325,172.5
14,8,977.5380339,,,,2.000536868,199.7812614
14,1,992.1228818,,,,2.074869019,0
15,5,2.882387885,,,,2.6598317,107.3333333
15,6,15.82516707,,,,2.126311032,142.6618095
15,7,29.9879941,,,,1.946918323,167.2223071
15,8,44.97902705,,,,1.983092099,193.4920824
15,1,57.07827345,,,,2.307566281,229.6142791
15,2,74.37430109,,,,1.109253689,21.63294511
15,3,88.05190505,,,,2.071962434,41.41974555
15,4,102.2458412,,,,2.431239634,67.92965219
15,5,118.1154523,,,,1.744638272,97.56801061
15,6,130.7968564,,,,2.253494473,123.7195193
15,7,147.6163274,,,,1.808387123,155.2425233
15,8,162.7574837,,,,1.988264631,180.9834802
15,1,174.4349331,,,,2.687363847,225.2435159
15,2,189.4390949,,,,1.686447248,16.08306604
15,3,202.5878367,,,,2.298844791,46.08210219
15,4,215.7470611,,,,2.407495293,78.95390723
15,5,227.329315,,,,2.125247392,111.6748415
15,6,242.0444487,,,,2.346037311,141.7028071
15,7,258.5932515,,,,2.097901233,166.7942874
15,8,271.6049323,,,,2.321122038,193.2795051
15,2,286.8581375,,,,2.29815744,0
15,2,301.3591711,,,,2.02961497,28.08399073
15,3,317.2682872,,,,2.669361609,57.5
15,4,331.8292456,,,,2.086005868,86.25
15,6,346.6603434,,,,1.969195806,115
15,6,361.2045104,,,,2.42033811,143.75
15,8,383.6159931,,,,2.264272745,172.5
15,8,399.7242313,,,,2.335145075,201.25
15,1,418.2005752,,,,2.115165732,0
15,2,437.6697615,,,,1.463789015,28.75
15,3,450.9208341,,,,2.198853533,57.5
15,4,463.9217362,,,,1.677115357,74.68521465
15,6,480.1717724,,,,2.514761949,115
15,6,494.9707582,,,,2.340668817,130.0586452
15,7,509.1212391,,,,2.016812488,161.2648572
15,8,521.2369593,,,,2.947583937,189.7714413
15,1,534.3503058,,,,2.064540416,227.1873454
15,2,548.280415,,,,1.832939825,25.52323314
15,3,562.1737409,,,,2.061953561,49.06329853
15,5,580.5061609,,,,2.479274563,86.25
15,6,596.1850075,,,,2.26565848,115
15,6,609.6412819,,,,2.212280081,129.2465229
15,7,624.3674626,,,,1.692880256,162.9440994
15,8,636.7815514,,,,2.532447976,189.3313183
15,1,648.7872789,,,,2.249778101,228.9995122
15,2,662.5124051,,,,2.232227519,28.75
15,3,677.144553,,,,1.47656492,57.5
15,4,691.6736209,,,,2.861053206,86.25
15,5,707.1638125,,,,2.634209275,107.8896985
15,6,723.3169613,,,,1.852556349,141.8610606
15,7,738.2751725,,,,2.01676799,167.5455457
15,8,753.2211039,,,,2.473304241,194.8409046
15,1,767.3418805,,,,1.965335951,229.9072451
15,2,781.5620979,,,,2.343909177,23.71864892
15,3,794.172791,,,,2.533438328,50.2853129
15,4,807.8196299,,,,2.266869628,78.00074967
15,5,821.9061381,,,,2.191366676,105.0525491
15,6,842.3175602,,,,1.108128595,128.4014448
15,7,855.2274817,,,,1.802188796,159.6105337
15,8,869.3316349,,,,2.149345518,189.1431716
15,1,880.7768671,,,,2.382490238,228.4588761
15,2,892.8201495,,,,1.932912358,25.94740275
15,3,906.3332606,,,,2.227142597,50.07567771
15,4,921.7388172,,,,2.154191459,78.60262596
15,5,934.1074133,,,,2.101048734,109.8037112
15,6,948.923476,,,,1.820382779,138.1317016
15,7,962.9148735,,,,1.951284149,165.3969328
15,8,976.8038616,,,,1.84850262,198.1765675
15,1,988.5397432,,,,2.492655006,228.6629236
15,2,999.9105192,,,,2.266493144,28.32973401
16,6,15.31339315,,,,1.737314758,132.3848028
16,7,27.27720092,,,,2.261318942,164.1335271
16,8,41.06699613,,,,2.228395904,193.292297
16,1,54.343143,,,,2.588988518,229.6438515
16,2,67.95822606,,,,2.933698358,18.20538799
16,3,80.29102378,,,,1.798907491,53.48094288
16,4,94.71044752,,,,2.139213506,81.7181822
16,5,108.1237024,,,,1.460478481,109.9823787
16,6,121.9082255,,,,2.19240447,133.6260003
16,7,138.0733062,,,,1.659193176,157.8612527
16,8,152.564414,,,,1.974567545,192.5991247
16,1,165.7149947,,,,2.273270186,229.5182041
16,4,181.9280779,,,,3.198327092,28.75
16,5,197.6210386,,,,2.579622402,57.5
16,4,212.7164871,,,,1.835252351,80.49220091
16,5,225.7647167,,,,1.661645254,113.2706913
16,6,241.1718313,,,,1.804350028,138.904265
16,7,255.8735274,,,,2.26741596,166.6467841
16,8,268.1710349,,,,2.921617579,201.25
16,1,283.0650949,,,,1.825242491,229.9266542
16,2,301.0310255,,,,1.453902173,17.08107903
16,3,313.7710594,,,,2.147184025,45.17128627
16,4,328.6855893,,,,2.139780124,76.68111803
16,5,343.5857068,,,,1.771907106,104.1075851
16,6,357.6290637,,,,2.5946343,132.1767015
16,7,372.5760456,,,,2.220728913,166.3737325
16,8,387.4912162,,,,2.251096997,197.8818962
16,1,403.0719643,,,,2.158820266,228.9618022
16,2,423.552317,,,,1.923407933,26.95873504
16,3,443.2234237,,,,2.212125135,51.49027007
16,4,457.0260953,,,,2.357203133,80.07016712
16,5,473.2368709,,,,2.13439365,111.4218827
16,6,489.1214237,,,,2.572829053,138.8867179
16,7,503.5504967,,,,2.408788875,165.8784055
16,8,517.3427331,,,,1.877483449,200.1066972
16,1,530.8588868,,,,2.380768517,228.6701143
16,2,546.5199825,,,,2.122356697,21.17899547
16,3,558.082135,,,,2.579278201,48.57202317
16,4,571.6747768,,,,1.874898878,79.8250556
16,5,588.1356046,,,,2.485905841,107.0237245
16,6,603.0853863,,,,2.140341214,141.8932371
16,7,618.7227039,,,,1.995283347,168.7589189
16,8,632.0751638,,,,2.3250598,193.6545344
16,1,643.8731649,,,,2.610556987,229.5980274
16,2,657.8611033,,,,2.243576558,27.41821371
16,3,672.3404012,,,,2.520014685,57.5
16,4,688.0281293,,,,1.334596455,84.0824723
16,5,704.4645959,,,,2.921663852,114.8459203
16,6,722.2973219,,,,1.76790821,136.6602329
16,7,735.8185417,,,,2.853133742,161.9568569
16,8,750.6297949,,,,2.507196909,192.5677647
16,1,765.3641961,,,,2.052644961,229.722443
16,2,779.4155339,,,,2.077552247,15.72329506
16,3,791.3250063,,,,2.044809097,51.48272353
16,4,804.1805806,,,,2.594152111,77.69798751
16,5,817.3667559,,,,2.173362136,104.0140978
16,6,828.4666811,,,,2.945424978,134.9765696
16,7,848.0753641,,,,2.186972573,171.9352545
16,8,863.6988373,,,,2.884570379,196.2963844
16,1,876.9281563,,,,3.143417705,229.7802461
16,2,891.3702146,,,,2.018842399,18.91755863
16,3,902.9996966,,,,2.656706075,48.89636592
16,4,918.1888198,,,,2.025783788,73.34655608
16,5,931.6342251,,,,2.172006926,102.6158925
16,6,945.837148,,,,2.620858032,134.0410393
16,7,959.2746721,,,,1.660385713,169.2106493
16,8,975.141201,,,,1.844893787,200.2295911
16,1,988.0033366,,,,1.538992288,229.5450217
16,2,999.7250935,,,,1.937413483,23.31821246
17,6,8.771575043,,,,2.338795096,137.5643377
17,7,23.57738099,,,,1.44122681,167.8449692
17,8,37.49595069,,,,2.216012345,196.7049329
17,1,52.09042075,,,,2.073131557,229.278679
17,2,64.36391924,,,,2.386216136,11.74803647
17,3,78.05685825,,,,1.650069796,46.16686238
17,4,92.59199708,,,,1.807117555,73.91081567
17,5,104.6881014,,,,2.283389422,107.1794101
17,6,117.2904645,,,,2.638677802,132.8465868
17,7,129.2504955,,,,2.795796621,170.4729891
17,1,148.1832647,,,,1.998157578,201.25
17,1,162.0631227,,,,2.572329572,0
17,3,177.0583469,,,,2.380296734,28.75
17,3,191.824544,,,,2.591104812,45.51377962
17,5,209.5791534,,,,2.817040377,86.25
17,5,224.7239959,,,,2.73909565,115
17,6,238.4862466,,,,2.559359311,143.75
17,7,253.2920796,,,,1.71722357,169.6938044
17,8,266.0148903,,,,2.532720679,198.3526554
17,1,279.541972,,,,2.150887267,229.885574
17,2,293.0050928,,,,2.378779273,24.18289923
17,3,308.0292536,,,,1.807840372,57.5
17,4,324.2136896,,,,1.226580685,83.0095555
17,5,337.4384236,,,,2.312741449,106.9921228
17,6,353.1685898,,,,2.931421718,143.75
17,7,369.8173714,,,,1.571366229,166.0895183
17,8,385.9950107,,,,2.376904506,201.25
17,1,402.5910546,,,,1.845598747,227.7352387
17,2,422.6210195,,,,2.996638598,25.60554064
17,3,440.5067013,,,,2.245419122,57.40309465
17,4,454.404415,,,,2.428896501,84.96157767
17,5,471.5604616,,,,1.951918935,109.3903576
17,6,487.2311768,,,,2.30182019,138.4679836
17,7,500.8015657,,,,2.100359406,168.5667744
17,8,516.7337781,,,,2.149250009,190.3706218
17,1,528.9258225,,,,1.977769481,229.8125597
17,2,542.9527195,,,,2.578996982,18.36701379
17,3,554.6207104,,,,2.81581323,57.1345945
17,4,568.247955,,,,2.777683203,84.80958696
17,5,584.9270054,,,,2.348128569,115
17,6,602.2178784,,,,2.012343102,141.5116951
17,7,616.8477416,,,,2.089467023,164.3913613
17,8,628.8083809,,,,2.789330086,195.7239154
17,1,642.2132995,,,,1.912363626,229.6061675
17,2,657.2675036,,,,2.231673398,19.57080851
17,3,671.7904757,,,,3.016880525,57.5
17,4,686.4040221,,,,2.365077971,76.30065573
17,5,704.4118589,,,,0.93957776,106.1268833
17,6,718.2870644,,,,1.887460712,129.0127944
17,7,732.1232565,,,,2.282453003,155.564251
17,8,747.1668698,,,,2.088141505,185.2325922
17,1,759.5289883,,,,2.310362299,229.1062384
17,2,773.1453162,,,,2.144749471,14.01132909
17,3,788.3822981,,,,2.304706174,38.49328819
17,4,800.8839302,,,,2.587270597,78.10022134
17,5,812.3119599,,,,2.631358695,110.9209826
17,6,825.4880174,,,,1.572849998,139.0178162
17,7,847.8171325,,,,0.871409433,160.1788643
17,8,861.9815571,,,,1.90718355,177.864676
17,1,873.6144023,,,,2.39637342,227.4637034
17,2,886.4998783,,,,2.464531224,19.43481338
17,3,899.7612375,,,,1.970412186,46.77261172
17,4,911.8192141,,,,2.62031566,73.46491735
17,5,925.9325364,,,,2.717711467,112.3681717
17,6,942.1326509,,,,2.19983588,138.9100214
17,7,957.2935959,,,,3.062401481,170.4582514
17,8,974.588102,,,,1.92449642,188.2762853
17,1,985.7420894,,,,2.748797779,227.6013633
17,2,996.9214651,,,,2.752976682,19.75424001
18,6,6.126767763,,,,2.252459812,134.6658281
18,7,20.34747247,,,,1.912286252,159.1981294
18,8,35.44493904,,,,2.00546813,181.8416712
18,1,45.98319358,,,,2.901829654,229.8650334
18,2,57.23884651,,,,3.169535612,21.18457942
18,3,71.18858053,,,,2.498725117,53.11878857
18,4,85.76389433,,,,1.855482428,83.22084798
18,5,101.2631096,,,,2.118233535,108.8866299
18,6,113.1583143,,,,2.918060398,142.6863959
18,7,128.5254746,,,,2.150964363,170.4807753
18,8,143.448395,,,,2.110021142,198.5971183
18,1,157.8093175,,,,2.196504789,227.7420533
18,2,172.6649889,,,,2.184727167,14.19318516
18,3,187.1986329,,,,2.3589143,46.62740793
18,4,203.5868592,,,,2.454823004,77.95535186
18,6,220.0119645,,,,2.324749982,115
18,6,237.4051997,,,,2.634553371,143.75
18,7,251.6579327,,,,2.448822644,172.5
18,8,264.870925,,,,2.262820003,201.25
18,1,277.8592991,,,,2.15348817,0
18,2,291.0851582,,,,1.706851558,24.06145038
18,3,307.8965898,,,,1.687001819,57.5
18,4,321.5718377,,,,2.421315855,82.42614932
18,5,333.9759193,,,,1.906396509,113.5228888
18,6,350.8661197,,,,1.957363502,143.75
18,7,365.7378121,,,,2.286603773,165.7287402
18,8,385.3299343,,,,1.685023015,201.25
18,1,399.976993,,,,3.385944338,229.8222392
18,2,421.5716906,,,,2.265538036,26.70098442
18,3,440.4635444,,,,2.175300097,53.11025861
18,4,453.8739592,,,,3.188260429,78.17968008
18,5,468.6865501,,,,3.52799668,112.6767834
18,6,484.9364639,,,,2.094026575,142.0361551
18,7,498.9289216,,,,2.006302268,171.7878434
18,8,511.6718365,,,,2.497876957,195.8894284
18,1,524.0876825,,,,2.625340617,0
18,2,538.9267411,,,,2.184359862,28.75
18,3,554.4909413,,,,1.790258418,50.00246464
18,4,567.7293886,,,,2.25459197,75.55097639
18,5,583.3341856,,,,1.899991637,115
18,6,601.1055905,,,,1.542899404,138.5879123
18,7,612.9670205,,,,1.863987857,171.9990754
18,8,626.8272297,,,,3.473020499,197.1658116
18,1,638.9246371,,,,2.429047922,229.2602482
18,2,653.1543608,,,,1.732594173,27.35549448
18,3,668.4688929,,,,1.934458167,53.0792445
18,4,682.1972499,,,,2.128084678,80.34868554
18,5,694.9681309,,,,2.117653049,112.6216613
18,6,710.4791109,,,,1.813863219,139.1645517
18,7,724.7032794,,,,1.504796458,165.5218537
18,8,739.4962173,,,,1.800443293,192.8858812
18,1,754.3506677,,,,1.787433326,227.98098
18,2,766.2733383,,,,2.462994002,18.42039268
18,3,780.1353849,,,,1.708298676,47.20138924
18,4,797.7339781,,,,1.79094638,70.27496253
18,5,810.7618036,,,,2.524650193,98.29596183
18,6,822.4793492,,,,1.976689113,135.400542
18,7,833.6778138,,,,2.425751265,167.2821489
18,8,849.719851,,,,1.838255028,190.1036202
18,1,865.5029397,,,,1.342822849,229.4590379
18,2,882.7201791,,,,1.504074867,13.46233287
18,3,894.3170018,,,,1.798098962,50.35397914
18,4,906.9399994,,,,2.105245486,83.81463334
18,5,924.9641376,,,,2.890098497,113.1353593
18,6,939.9324965,,,,3.943998136,143.009556
18,7,956.626881,,,,2.055897001,164.7926762
18,8,967.8467464,,,,3.954426248,190.6420629
18,1,977.6790595,,,,2.467110507,229.7030825
18,2,993.6538166,,,,2.886988884,24.33020815
19,6,2.093767107,,,,2.746246219,138
19,7,13.39146861,,,,2.25310362,171.1926276
19,8,25.76723413,,,,1.678575511,201.2095493
19,1,38.98359191,,,,1.812725338,229.3120868
19,2,54.85192883,,,,2.607702979,27.06451475
19,3,69.43520181,,,,2.322092887,55.95469719
19,4,84.13135286,,,,2.514888733,80.79095728
19,5,98.3770397,,,,1.691484457,107.3830508
19,6,112.7938242,,,,1.691104242,135.9915998
19,7,127.5867214,,,,2.100999388,160.1032408
19,8,142.1911177,,,,1.511360499,190.4272056
19,1,153.5981936,,,,2.270356483,228.2571787
19,2,166.0019991,,,,2.406629253,24.8826858
19,4,182.589482,,,,2.467397495,57.5
19,4,200.2079401,,,,2.665690245,86.25
19,5,214.2774896,,,,2.041080887,112.0235931
19,6,229.1990694,,,,1.927052649,137.087441
19,7,246.3945908,,,,1.852242938,163.1987743
19,8,260.216872,,,,2.514932628,192.5899058
19,1,274.4823512,,,,2.608674132,225.944335
19,2,288.3382587,,,,2.837769969,24.54975645
19,3,305.6246409,,,,2.324113277,57.5
19,4,319.9925928,,,,1.829558608,81.26572321
19,5,333.2011008,,,,1.800721251,115
19,6,349.2433048,,,,1.606783407,143.75
19,7,362.7765383,,,,2.698835043,168.2573562
19,8,384.6852868,,,,1.539173006,201.25
19,1,399.9244934,,,,3.872181258,229.2245489
19,2,420.6672628,,,,1.020642476,26.23239384
19,3,438.445551,,,,4.881368437,53.71308563
19,4,451.342698,,,,4.919653052,84.17457627
19,5,468.0280413,,,,1.83726673,104.3810454
19,6,484.1180192,,,,2.294828588,134.6940398
19,7,498.5739618,,,,1.934922202,159.2167481
19,8,509.5257854,,,,2.461038258,186.3013101
19,1,521.0432366,,,,1.406980836,229.7653505
19,2,534.8422416,,,,2.1633542,24.63560475
19,3,550.3029787,,,,2.175683437,49.37272438
19,4,562.9839519,,,,1.722079591,86.25
19,5,582.2003752,,,,2.355506455,115
19,6,597.7598846,,,,2.601335211,139.6532169
19,7,612.6982824,,,,1.730277325,163.7645972
19,8,625.6512538,,,,2.075467743,185.5573847
19,1,637.7552177,,,,2.801467481,229.7780876
19,2,652.3494951,,,,1.971165362,20.85169539
19,3,666.1836249,,,,1.874310288,50.61899504
19,4,679.4241862,,,,2.435143814,80.69876532
19,5,693.8450297,,,,1.931021916,110.806962
19,6,707.9511097,,,,2.765138501,131.9072932
19,7,720.0660101,,,,2.52624153,168.5400069
19,8,734.8506287,,,,2.299008817,198.9690371
19,1,747.4717405,,,,2.991068778,229.259254
19,2,762.0794152,,,,2.096537008,22.59189205
19,3,774.1068075,,,,2.397563428,53.89028549
19,4,788.8140921,,,,2.00151063,76.3980218
19,5,804.1454263,,,,2.879453706,115
19,6,818.2553881,,,,1.88602694,143.75
19,7,831.526789,,,,2.322253323,170.5951205
19,8,843.6562855,,,,3.316142306,201.25
19,1,858.4034731,,,,2.69045116,229.6461497
19,2,872.5560128,,,,1.976623549,22.35931696
19,3,890.342793,,,,1.428682112,46.62109571
19,4,905.7831905,,,,1.768906589,72.45650722
19,5,924.3189552,,,,1.318061599,98.85882076
19,6,939.7447571,,,,1.863979862,118.2267357
19,7,952.8779949,,,,2.090736786,148.5684224
19,8,965.1641987,,,,2.194751459,179.9633175
19,1,977.1982665,,,,1.695256192,229.3313826
19,2,992.1228818,,,,2.881482292,16.02773984
20,7,12.81121461,,,,1.743229877,168.4612789
20,8,25.7431359,,,,1.972417951,199.6451207
20,1,38.60410075,,,,2.087376128,228.6744678
20,2,54.2055802,,,,2.209625264,21.77102669
20,3,68.76972335,,,,3.033528403,51.65999627
20,4,81.9606633,,,,2.259925407,78.22810317
20,5,93.87392463,,,,1.838861918,113.3763787
20,6,108.2060524,,,,2.290824938,137.1169563
20,7,121.6863108,,,,2.237512046,164.9078144
20,8,135.0301562,,,,2.161899884,201.25
20,1,150.8338528,,,,2.655264056,0
20,2,164.3950569,,,,2.997580991,28.75
20,4,181.9647173,,,,2.543579631,57.5
20,4,199.4831626,,,,1.999733005,86.25
20,5,212.8192392,,,,2.638929416,115
20,6,225.7416864,,,,2.323756504,142.183521
20,7,241.3729895,,,,2.895458928,167.8323339
20,8,256.7734024,,,,2.311357137,198.6154456
20,1,271.0741012,,,,3.048531986,227.8962534
20,2,286.8581375,,,,3.188731494,28.75
20,3,301.1846755,,,,2.324585035,57.5
20,4,317.2682872,,,,1.533003927,72.83189077
20,5,331.8292456,,,,1.690175777,100.4118691
20,6,346.6603434,,,,2.288454139,143.75
20,7,361.2045104,,,,1.720068997,161.4979755
20,8,383.6159931,,,,2.425769096,201.25
20,1,399.7242313,,,,1.617790672,229.5557208
20,2,418.2005752,,,,1.55604378,0
20,3,437.6697615,,,,1.476692432,28.75
20,4,450.9208341,,,,2.169635674,57.5
20,5,462.2482847,,,,2.584726481,115
20,6,480.1717724,,,,2.586982233,143.75
20,7,491.7089561,,,,2.499626718,159.1382221
20,8,503.4516458,,,,1.61666817,196.059112
20,1,519.0175747,,,,2.304122536,0
20,2,532.9403823,,,,2.547915196,28.75
20,3,546.5674741,,,,3.080330276,57.5
20,4,560.189995,,,,2.644671662,86.25
20,5,580.5061609,,,,2.364367967,115
20,6,596.1850075,,,,2.064859239,143.75
20,7,607.6497259,,,,2.540093546,159.7260102
20,8,618.090252,,,,2.945518198,185.3977098
20,1,629.6722803,,,,2.420753753,229.4005503
20,2,648.3425738,,,,0.954161536,20.28694311
20,3,662.5124051,,,,1.805097755,48.4603557
20,4,677.144553,,,,2.118771948,76.07109804
20,5,691.6736209,,,,1.843750834,107.3256389
20,6,703.6682477,,,,2.283461226,140.8841528
20,7,718.4984668,,,,1.676154725,168.7790137
20,8,733.8584781,,,,2.204663432,193.9632478
20,1,747.2240879,,,,1.904581733,229.8910234
20,2,759.1421392,,,,2.358255808,23.51210993
20,3,772.6012313,,,,1.58498654,52.9361717
20,4,783.8918209,,,,2.38006236,82.34150432
20,5,800.3266341,,,,2.474849539,110.0050543
20,6,813.2309822,,,,2.650448401,143.75
20,7,830.7065169,,,,1.424716498,161.7785509
20,8,841.9375347,,,,2.571363143,190.3549042
20,1,855.1540327,,,,2.490772748,229.4654546
20,2,869.3228817,,,,3.255767888,28.75
20,3,882.7281499,,,,1.874957131,57.5
20,4,897.9854397,,,,2.967697465,86.25
20,5,912.0728058,,,,2.495579154,104.5392502
20,6,926.0518708,,,,2.080017358,136.2138012
20,7,941.4315145,,,,1.462907492,167.8586656
20,8,955.4652953,,,,2.338724346,192.0071629
20,1,971.9928556,,,,1.378055357,229.5640099
20,2,987.7077028,,,,1.780224047,10.6825176
20,3,999.528294,,,,2.451053064,37.58861748
21,7,10.4944111,,,,2.203613931,164.3834815
21,8,24.92947504,,,,1.82096497,190.482943
21,1,36.4812332,,,,2.963227983,228.9650349
21,2,51.04713817,,,,1.284113285,21.50347028
21,3,66.84457119,,,,2.202436646,43.19709019
21,4,78.41103427,,,,2.19640696,76.80203917
21,5,92.99097562,,,,2.019355577,102.1611582
21,6,105.3105699,,,,2.196131424,133.5809682
21,7,118.2931734,,,,2.623373626,172.5
21,8,134.8467832,,,,1.34227772,192.7312679
21,1,149.2718578,,,,2.175359835,0
21,2,163.9371367,,,,2.830758122,28.75
21,4,181.9280779,,,,2.09707101,57.5
21,5,197.6210386,,,,2.180280288,86.25
21,6,211.7655492,,,,2.664753765,115
21,6,225.0675714,,,,2.504553424,142.8894967
21,7,239.7609251,,,,2.654976448,169.1157584
21,8,255.6335723,,,,1.721551761,196.7905733
21,1,268.1710349,,,,2.322778322,229.5804738
21,2,280.3550641,,,,3.114612882,26.05183724
21,3,293.379618,,,,2.46894312,53.79527996
21,4,308.5154661,,,,1.873483344,85.33908903
21,5,323.1981131,,,,2.938567515,113.4162119
21,6,336.1269168,,,,2.542914286,140.6645356
21,7,354.8082412,,,,1.945769679,169.3096161
21,8,368.2949299,,,,2.186210464,198.8935456
21,1,386.8761756,,,,1.871766255,229.7763505
21,2,397.2731379,,,,2.083145846,27.00481535
21,3,412.1627903,,,,2.419638817,56.66593668
21,4,434.4497988,,,,1.696636592,85.6325101
21,5,447.7016447,,,,2.437392956,112.0449196
21,6,467.6499508,,,,2.080854278,140.0819636
21,7,486.3634468,,,,1.965149606,171.8625174
21,8,500.2407902,,,,2.123165227,196.7577388
21,1,511.5902321,,,,2.723848359,227.5041531
21,2,526.3196754,,,,2.158086269,26.37297351
21,3,541.5784316,,,,1.929390575,54.71701258
21,4,554.7632324,,,,2.507803913,78.61840677
21,5,567.5167123,,,,2.500493588,112.7561665
21,6,586.2821468,,,,2.37723815,140.5285062
21,7,602.6207813,,,,2.502026429,169.2874245
21,8,612.7084179,,,,2.885437444,193.4680762
21,1,625.4178424,,,,2.062781342,227.8332961
21,2,639.4729468,,,,2.607624716,24.86347145
21,3,657.5045631,,,,1.43097509,53.51645964
21,4,672.3404012,,,,2.384074638,84.93893651
21,5,687.5112575,,,,2.475463571,110.7306593
21,6,702.4132024,,,,2.272988441,142.3408644
21,7,716.2785128,,,,2.347982025,167.9664
21,8,730.5533241,,,,2.043777864,196.494063
21,1,742.5958304,,,,3.187835194,227.699401
21,2,756.9210527,,,,2.447256884,25.33029022
21,3,769.7218199,,,,1.995460203,52.48442566
21,4,782.2496388,,,,2.008167549,81.59609853
21,5,798.3083515,,,,1.630787152,104.8518163
21,6,810.3353092,,,,2.319402673,137.0387441
21,7,823.1811958,,,,2.211118031,168.4207065
21,8,837.7004452,,,,2.182366644,194.044526
21,1,851.3273625,,,,2.974702389,228.5210172
21,2,865.1000852,,,,2.33459909,22.56763791
21,3,880.1300129,,,,1.635216826,52.14995357
21,4,893.8507803,,,,2.127702951,80.52038562
21,5,907.8810936,,,,2.311828249,110.5901661
21,6,922.4287285,,,,1.760607143,139.8514023
21,7,938.2588365,,,,1.893952186,165.361982
21,8,951.5132104,,,,2.383197889,193.1534964
21,1,963.7495406,,,,2.868050304,229.0074413
21,2,977.5587092,,,,2.467181931,24.21561484
21,3,991.4046908,,,,2.094297799,55.31075851
22,7,6.811135025,,,,1.645894069,163.8127981
22,8,19.01664463,,,,2.459556516,194.6105902
22,1,31.14957373,,,,3.053813958,228.1849952
22,2,45.40392132,,,,2.018633249,18.21686509
22,3,60.35044123,,,,1.76443894,43.01281035
22,6,74.10948132,,,,1.912066862,86.25
22,5,86.63308505,,,,3.08588634,103.4921816
22,6,100.6801403,,,,1.95032691,136.4036131
22,7,115.0243776,,,,1.721125076,168.1778101
22,8,128.5003081,,,,2.178407201,196.1286915
22,1,148.1832647,,,,1.833673971,0
22,2,162.0631227,,,,1.877740547,15.84018397
22,3,177.0583469,,,,2.148757235,57.5
22,4,190.927804,,,,2.777315575,86.25
22,5,209.5791534,,,,2.565127249,115
22,6,224.7239959,,,,1.88284428,134.8779785
22,7,238.4862466,,,,2.085207434,170.2457931
22,8,253.0432193,,,,1.788038037,198.7730548
22,1,265.4095361,,,,2.847030987,229.7258778
22,2,279.4887726,,,,2.1495775,25.24732044
22,3,291.8790893,,,,2.212559966,53.41462992
22,4,308.0292536,,,,2.395173516,85.93224722
22,5,322.6591471,,,,2.560077077,110.4303727
22,6,334.9135592,,,,2.408477918,141.4140879
22,7,353.1685898,,,,2.806352828,166.0384566
22,8,367.2170582,,,,1.808237679,196.2048656
22,1,385.9950107,,,,2.269481552,228.4906215
22,2,396.4353739,,,,2.809269113,25.93249671
22,3,411.8180846,,,,1.852706049,52.9029747
22,4,434.0858494,,,,2.030074788,83.00210773
22,5,446.4892507,,,,1.707522885,113.3278687
22,6,465.8871957,,,,2.519686662,142.7902825
22,7,486.0390529,,,,2.42456595,164.9041956
22,8,498.1249581,,,,2.817512993,195.0862945
22,1,508.7228488,,,,2.068008382,227.4132942
22,2,525.2182243,,,,2.224026606,26.23564506
22,3,540.1360137,,,,2.241448584,54.78947755
22,4,551.7200944,,,,2.500340294,83.06328768
22,5,566.6193561,,,,2.496603432,111.9281439
22,6,584.9270054,,,,2.0597009,140.4692676
22,7,601.3367919,,,,1.750257954,167.5119043
22,8,610.0114529,,,,2.759066323,200.3001527
22,1,620.8506883,,,,2.156828196,228.4319293
22,2,637.982499,,,,1.588114932,23.03431713
22,3,654.7207688,,,,2.131347792,51.45705911
22,4,671.7904757,,,,1.391742227,76.19729746
22,5,685.7865944,,,,2.16959022,99.52648499
22,6,701.793254,,,,1.709189597,129.8633062
22,7,714.3476633,,,,2.383144227,155.332959
22,8,728.2262919,,,,2.247180913,181.2748557
22,1,740.3294904,,,,2.712736148,228.8108172
22,2,755.5236883,,,,1.787855973,15.13227678
22,3,767.2083273,,,,2.784494569,41.52008375
22,4,779.9321522,,,,2.456504946,75.64506953
22,5,792.0854771,,,,2.135442052,108.8061224
22,6,807.4417815,,,,2.017188752,140.5841757
22,7,821.336295,,,,2.554005221,169.3733156
22,8,834.3987662,,,,2.264407023,197.154845
22,1,848.0350836,,,,2.182189407,229.8900995
22,2,862.451938,,,,2.675745189,28.75
22,3,876.8582471,,,,1.829185326,57.5
22,4,891.1579164,,,,1.925534438,80.80293267
22,5,905.9735842,,,,2.409541338,113.530824
22,6,920.2143801,,,,2.582583218,141.1822737
22,7,934.4899885,,,,2.636687421,167.2480694
22,8,948.1158829,,,,2.458194252,194.7854549
22,1,961.5440601,,,,2.558815248,229.1912349
22,2,975.7208289,,,,2.550904334,25.75905978
22,3,990.3593564,,,,2.221567088,49.46555116
23,7,1.533029913,,,,2.500494806,168.6666667
23,8,16.31721091,,,,1.824602469,191.7579822
23,1,28.138407,,,,3.004399557,228.426582
23,2,40.18596758,,,,1.741857353,23.45733054
23,3,52.13979176,,,,2.034642067,54.18251558
23,4,66.72374554,,,,2.607871385,82.47602994
23,5,82.90390739,,,,1.561405211,109.724351
23,6,96.9133939,,,,2.912108821,139.9306204
23,7,112.5131192,,,,1.721710317,166.0611708
23,8,126.1493664,,,,2.45631987,193.6421808
23,1,139.6408924,,,,2.255831712,228.2378701
23,2,155.1879364,,,,2.276112029,23.38432773
23,3,169.6266072,,,,1.821115702,48.9434931
23,4,183.7802068,,,,1.437897846,86.25
23,5,201.5379789,,,,1.653212589,112.8011633
23,6,220.0119645,,,,2.204732022,143.75
23,7,237.4051997,,,,1.247343894,160.1366398
23,8,251.6579327,,,,1.788749517,184.6979364
23,1,264.870925,,,,2.021352368,227.4111719
23,2,277.8592991,,,,2.181964618,12.43919691
23,3,290.0326443,,,,2.565064109,51.76880675
23,4,307.8965898,,,,2.280263016,81.06935888
23,5,320.8741902,,,,3.850265323,108.44003
23,6,333.9436885,,,,2.286170358,142.0523179
23,7,350.8661197,,,,3.870351124,166.2191364
23,8,364.4269746,,,,2.676920387,193.9336304
23,1,385.3299343,,,,2.878177819,228.1445897
23,2,395.4324428,,,,2.910490267,25.34938885
23,3,409.3368355,,,,4.408390984,51.60515261
23,4,432.4859614,,,,3.089518375,78.02708094
23,5,445.5099776,,,,2.166180475,108.2381745
23,6,465.5063081,,,,3.156871029,134.9746496
23,7,482.9062016,,,,2.759389898,168.3493256
23,8,495.9373176,,,,2.767894578,200.7341666
23,1,507.4720291,,,,3.227058109,226.5289334
23,2,524.0876825,,,,2.791430887,18.70144817
23,3,538.9267411,,,,2.124095966,48.46900405
23,4,550.445583,,,,3.581545511,83.70881446
23,5,565.388942,,,,2.776647282,108.3221908
23,6,583.3341856,,,,3.77598437,139.4687498
23,7,598.4868716,,,,4.027032392,168.1130357
23,8,609.6671888,,,,2.512086422,190.2367932
23,1,620.123662,,,,2.562282652,229.6187624
23,2,634.383463,,,,2.962324063,25.14855159
23,3,651.8855014,,,,2.700200966,54.34860119
23,4,664.567369,,,,2.158889565,81.5725467
23,5,678.6545955,,,,2.727205305,102.3809597
23,6,693.66853,,,,2.420260514,131.236289
23,7,707.1441374,,,,2.010959586,162.3373539
23,8,719.3373127,,,,2.329867531,188.8017465
23,1,733.4099278,,,,1.665528616,228.8887022
23,2,747.9068984,,,,1.674366132,28.75
23,3,761.4694344,,,,2.898185574,57.5
23,4,775.6150713,,,,2.663420771,76.52462063
23,5,789.184964,,,,2.47846997,107.178224
23,6,805.8723576,,,,2.081711024,140.1550282
23,7,820.1120671,,,,1.928521805,168.919354
23,8,832.5902773,,,,2.703984852,197.3156277
23,1,846.121269,,,,2.561773852,0
23,2,860.9123677,,,,1.94476874,21.88857771
23,3,874.6017248,,,,2.602527018,57.5
23,4,888.3290565,,,,2.331369829,73.69886663
23,5,905.3638516,,,,1.617187654,107.1558338
23,6,919.2201328,,,,1.760284116,139.397808
23,7,932.4981215,,,,2.188538804,164.6192615
23,8,945.4860887,,,,2.693300526,199.5541865
23,1,961.1971026,,,,1.448000826,229.4412281
23,2,974.5483269,,,,2.086203781,24.61978884
23,3,986.7427882,,,,2.526490825,56.65957976
24,8,11.11497211,,,,2.180553467,193.1454166
24,1,23.2030485,,,,2.665226135,227.3410162
24,2,37.14744697,,,,2.850375304,19.43385353
24,3,50.5092915,,,,1.996057624,53.89370495
24,4,65.27659976,,,,2.105174822,78.09685369
24,5,79.52512461,,,,2.289906302,115
24,6,95.60184277,,,,1.472484882,136.7252014
24,7,108.7733326,,,,1.540250491,168.9719802
24,8,123.0521235,,,,1.551632034,196.8866151
24,1,136.7582202,,,,2.169578895,229.8040433
24,2,152.8305515,,,,2.185214302,24.38678557
24,3,164.9281101,,,,2.579483827,56.12499794
24,4,182.589482,,,,2.141286427,86.25
24,5,200.2079401,,,,2.028622475,113.5297
24,6,213.2316832,,,,2.200377896,142.8424673
24,7,227.4934502,,,,2.651593384,167.3496207
24,8,242.4045054,,,,1.457271071,196.5562659
24,1,256.4534178,,,,2.139621462,229.551164
24,2,270.3840161,,,,2.156197254,23.58893682
24,3,287.7983169,,,,2.805774055,54.86206909
24,4,305.6246409,,,,1.579390007,79.23756308
24,5,319.1704193,,,,2.583664656,107.9306173
24,6,333.2011008,,,,3.06901791,134.0029509
24,7,349.2433048,,,,3.059389384,164.5977153
24,8,361.6938453,,,,7.576929382,193.6440292
24,1,384.6852868,,,,3.722795541,226.0192381
24,2,394.2640448,,,,4.222769168,15.28023753
24,3,407.9996475,,,,7.277324376,50.46476184
24,4,429.8244077,,,,5.139796614,84.10233925
24,5,442.3884346,,,,6.727734609,105.5602665
24,6,462.726546,,,,6.811638954,140.4922568
24,7,481.4020016,,,,6.636606646,164.3354527
24,8,495.7509545,,,,1.688374941,193.7438892
24,1,504.4288243,,,,8.076455209,222.9062266
24,2,520.4878972,,,,3.098549962,24.19413225
24,3,534.6750518,,,,4.753079076,49.25497863
24,4,549.7360609,,,,2.930446659,76.96462521
24,5,562.9839519,,,,4.15657086,103.3867204
24,6,582.2003752,,,,5.492610531,134.4443404
24,7,597.3974926,,,,5.221026077,166.1695838
24,8,605.2831013,,,,7.271635123,186.3040663
24,1,619.067439,,,,0.919451744,229.6830327
24,2,633.167712,,,,2.293018072,17.19810572
24,3,650.7184035,,,,2.192937828,42.15114941
24,4,662.4007676,,,,2.818622291,67.23993156
24,5,674.0274996,,,,2.300286469,107.8454989
24,6,688.4981316,,,,2.122391319,129.2941803
24,7,702.0905072,,,,2.102330255,157.5904485
24,8,713.9944108,,,,2.626237971,201.25
24,1,730.0085909,,,,1.644850788,0
24,2,746.2522927,,,,1.834460451,28.75
24,3,758.7441147,,,,2.814364905,57.5
24,4,771.9636095,,,,2.362882084,75.21788208
24,5,786.029075,,,,2.48980859,115
24,6,804.1454263,,,,1.169397514,135.9037832
24,7,818.2553881,,,,1.830179822,163.3044338
24,8,831.1352498,,,,2.351997683,192.7815225
24,1,843.6562855,,,,2.783059974,229.147203
24,2,857.3842247,,,,2.35553079,18.65400849
24,3,870.1205985,,,,2.847644416,55.22838623
24,4,882.945469,,,,2.074286867,85.79921788
24,5,900.5133531,,,,2.200762751,109.4366623
24,6,916.7476956,,,,1.510235565,135.4493949
24,7,928.8972082,,,,2.787963749,161.2748216
24,8,944.8564473,,,,2.074213897,191.4946515
24,1,956.5470076,,,,2.107070214,229.4036256
24,2,972.5685533,,,,1.606523825,19.68908414
24,3,986.4101449,,,,2.09095372,43.45114053
24,4,998.5357408,,,,2.334886225,81.93400928
25,8,7.398216926,,,,2.602451523,193.5867135
25,1,21.06121843,,,,3.062682464,227.8140228
25,2,33.87905405,,,,2.494630017,24.46635501
25,3,48.70258261,,,,2.018815237,52.5994654
25,4,61.40369276,,,,1.990937283,86.25
25,6,76.23796535,,,,2.401749553,115
25,6,90.8311326,,,,1.996810981,137.5369023
25,7,106.4827832,,,,2.633158246,169.1943343
25,8,120.2399974,,,,2.582320035,196.2226776
25,1,135.0301562,,,,1.951287178,229.6421867
25,2,150.8338528,,,,2.028007397,25.58226261
25,3,164.3950569,,,,1.741294916,56.70262583
25,4,181.9647173,,,,1.862590967,86.25
25,5,199.4831626,,,,2.088468918,111.1110119
25,6,212.8192392,,,,1.778819839,141.8756752
25,7,225.5510788,,,,2.428437146,172.5
25,8,239.1835987,,,,2.10071324,196.8971496
25,1,254.0192135,,,,2.5574907,228.4137086
25,2,267.990421,,,,1.912757347,23.45819196
25,3,286.8581375,,,,0.889895614,49.82184959
25,4,301.1846755,,,,1.939481144,63.59350912
25,5,316.434235,,,,1.781203215,93.00216131
25,6,330.0251503,,,,2.122395028,116.0067062
25,7,346.6603434,,,,1.721978196,144.8979854
25,8,360.6900124,,,,2.087755881,175.1403756
25,1,383.6159931,,,,1.254035778,229.4988795
25,2,391.0742511,,,,3.854787526,0
25,3,407.0329133,,,,1.801529451,28.75
25,4,429.4065583,,,,1.284994017,57.5
25,5,440.9853273,,,,2.482992799,86.25
25,6,462.2482847,,,,1.352116711,115
25,7,480.1717724,,,,1.604040494,143.75
25,8,491.3051939,,,,2.582314879,172.5
25,1,502.2743492,,,,2.620985771,229.9536955
25,2,519.0175747,,,,1.717112389,0
25,3,532.9403823,,,,2.06862846,30.49976275
25,4,546.5674741,,,,2.10976785,57.5
25,5,560.189995,,,,2.110475738,86.25
25,6,580.5061609,,,,1.415129222,115
25,7,596.1850075,,,,1.833680794,143.75
25,8,603.2277268,,,,4.082230052,172.5
25,1,616.5545683,,,,2.157300352,229.0619024
25,2,628.1298562,,,,2.483739522,0
25,3,643.7191852,,,,1.746322719,33.33284734
25,4,655.6563135,,,,2.978397435,86.25
25,5,670.9172344,,,,2.432068936,115
25,6,681.6870315,,,,2.522104347,132.8229291
25,7,694.9985903,,,,2.230123737,159.6149818
25,8,711.4320987,,,,1.410795893,189.8650999
25,1,724.3524843,,,,2.26799782,227.651436
25,2,739.5564883,,,,1.867834869,14.95684479
25,3,753.0794001,,,,2.342113101,52.25178747
25,4,767.294685,,,,2.665503715,86.25
25,5,781.8658771,,,,2.461508129,115
25,6,797.435803,,,,1.485253276,136.2161429
25,7,813.2309822,,,,2.047713265,157.708908
25,8,827.5347031,,,,2.037505056,182.8602327
25,1,840.3844268,,,,2.228506129,224.0187305
25,2,853.0981455,,,,2.82191423,14.93675296
25,3,869.3228817,,,,1.453734177,49.32950578
25,4,882.7281499,,,,1.857389022,78.50056684
25,5,897.9854397,,,,1.525054177,102.9067443
25,6,911.2514635,,,,2.274547783,130.0292664
25,7,924.8709082,,,,2.22176053,161.0942998
25,8,940.1532928,,,,1.950616123,187.0514126
25,1,954.1681311,,,,2.031000388,227.3797329
25,2,966.9284777,,,,2.208633197,15.2392009
25,3,979.6912686,,,,2.5507562,57.5
25,4,996.6872607,,,,1.301289617,76.3645819
26,8,4.453575533,,,,1.935941622,194.3318572
26,1,19.21321987,,,,1.788499945,229.6484252
26,2,32.16190763,,,,1.822125524,17.05308906
26,3,46.27515166,,,,1.839515534,45.29791298
26,4,58.83267603,,,,2.23292149,72.43048328
26,6,74.15244912,,,,2.099166571,115
26,6,87.71962241,,,,1.993004686,139.299417
26,7,105.2273836,,,,1.561212433,163.2282213
26,8,118.2931734,,,,2.456861739,186.376822
26,1,134.1930364,,,,1.527173422,229.6739249
26,2,149.2718578,,,,3.702401359,24.71959119
26,3,163.9371367,,,,1.917648975,52.91851186
26,4,181.9280779,,,,1.87387966,86.25
26,5,197.6210386,,,,2.382907607,115
26,6,211.7655492,,,,2.232026184,143.75
26,7,224.6709635,,,,1.956569655,172.5
26,8,237.1115165,,,,2.176267643,195.1291568
26,1,252.6806945,,,,1.806778913,229.8449559
26,2,265.2238348,,,,2.642440293,14.71303716
26,3,278.2299902,,,,2.267542195,49.27165569
26,4,289.5029477,,,,3.019957101,86.25
26,5,304.0842468,,,,2.53409343,109.7958251
26,6,316.9534584,,,,2.289013698,139.2007279
26,7,330.631096,,,,2.140052908,172.5
26,8,348.1839409,,,,2.387457239,201.25
26,1,359.2461506,,,,2.036743862,228.264555
26,3,375.0257945,,,,1.890095764,28.75
26,3,390.5197567,,,,1.995018591,49.99261165
26,4,405.1707739,,,,2.306267064,73.05546897
26,5,417.726911,,,,2.176680689,115
26,6,433.5120625,,,,2.445074668,138.9806947
26,7,452.9315499,,,,2.245406017,170.704372
26,8,474.484651,,,,2.707485326,197.1403622
26,1,486.5466293,,,,2.610335139,229.5218322
26,2,500.2146154,,,,2.69475676,22.03372518
26,3,519.8881413,,,,1.252522351,55.63566691
26,4,531.0605487,,,,1.853049323,86.13761276
26,5,545.381354,,,,1.782559628,113.6877919
26,6,557.3098723,,,,2.140257262,141.9944474
26,7,571.0228757,,,,2.192918365,171.0862864
26,8,585.5123571,,,,2.116813062,199.0295685
26,1,598.9870307,,,,2.73457521,228.6322771
26,2,614.6782467,,,,2.32741243,24.08251628
26,3,629.880304,,,,2.87940021,54.86531266
26,4,645.0167222,,,,2.584824325,83.99224038
26,5,663.0888187,,,,1.964589046,111.347594
26,6,677.3545102,,,,2.232405078,141.406669
26,7,689.2208758,,,,2.674485221,165.7870257
26,8,703.3622566,,,,2.097625047,194.124802
26,1,719.5208393,,,,2.504262689,229.5404011
26,2,732.1719194,,,,2.93436775,27.07847346
26,3,750.8385978,,,,1.547643952,53.40062301
26,4,763.0105183,,,,2.679139904,84.73939689
26,5,777.2529933,,,,2.257424343,112.3887311
26,6,792.3633636,,,,2.507138148,141.302867
26,7,806.007758,,,,2.120205403,172.42062
26,8,818.5090729,,,,2.634901805,200.2298459
26,1,833.014193,,,,2.639338107,228.8811431
26,2,848.2031537,,,,2.645037951,26.96982742
26,3,863.7025321,,,,2.543809052,54.31872735
26,4,878.5559312,,,,2.408639133,82.1608916
26,5,890.0557177,,,,1.768911237,114.7662289
26,6,905.2191727,,,,2.48342716,140.4380928
26,7,919.7372766,,,,2.578555109,168.0472553
26,8,932.8742658,,,,2.81642658,201.25
26,1,947.025393,,,,1.985908499,229.783414
26,2,960.8112107,,,,2.049077997,25.28274078
26,3,975.6965973,,,,2.234645618,57.5
26,4,989.0906289,,,,2.067424302,86.25
27,8,0.880046917,,,,2.177914188,199.3333333
27,1,13.95790651,,,,1.533824487,229.9089096
27,2,25.74253049,,,,2.225219157,25.02961181
27,3,39.6418361,,,,2.197470889,51.72146293
27,4,52.64369142,,,,2.226095905,82.02623189
27,6,74.10948132,,,,2.211238401,115
27,6,85.48652031,,,,2.898596946,143.75
27,8,99.2885514,,,,2.656128258,172.5
27,8,112.2394433,,,,2.051911531,197.2796444
27,1,126.2090022,,,,2.455640384,229.8535557
27,2,148.1832647,,,,0.878526001,18.6192625
27,3,161.5480195,,,,2.069813687,38.97354947
27,4,177.0583469,,,,1.581080972,71.44698038
27,5,190.927804,,,,1.966587127,100.9436273
27,6,209.5791534,,,,1.269389323,132.0765853
27,7,221.2711693,,,,2.536548401,169.3059661
27,8,234.298975,,,,2.738614931,194.658464
27,1,247.2657354,,,,2.02698896,229.0266439
27,2,259.9117137,,,,2.48752001,25.29565572
27,3,274.60124,,,,1.809196412,47.45890077
27,4,285.0065571,,,,2.920242918,76.76469651
27,5,302.0305834,,,,2.968196065,110.1047115
27,6,314.9660208,,,,1.931451972,140.0187462
27,7,326.7408229,,,,2.407570351,167.422304
27,8,338.2520891,,,,2.005504941,199.5327387
27,1,354.7894423,,,,1.85075914,229.19758
27,2,369.8166862,,,,2.201095004,26.48530753
27,3,386.7566898,,,,2.377643438,49.08242188
27,4,399.4496104,,,,2.469835821,79.08236515
27,5,415.6337469,,,,1.909279998,112.8949522
27,6,431.5614859,,,,2.425170007,143.0571252
27,7,452.1318603,,,,1.442557304,169.172212
27,8,472.966771,,,,2.932759772,196.4245609
27,1,485.8885157,,,,1.980142368,228.114802
27,2,497.7222662,,,,2.46681165,27.20299975
27,3,518.3996784,,,,1.696447442,53.40998224
27,4,530.9998988,,,,2.157840141,84.74035972
27,5,544.645217,,,,2.942216842,112.9747839
27,6,556.4896193,,,,2.328017599,140.413409
27,7,570.3782035,,,,2.73710886,169.4293473
27,8,584.4634069,,,,1.655924135,197.0960381
27,1,597.3765556,,,,1.913904518,227.7194909
27,2,612.6728076,,,,2.450168999,24.7177617
27,3,628.9652915,,,,2.025660353,56.26247955
27,4,644.1432549,,,,1.476369609,83.09662865
27,5,661.2296991,,,,2.428717622,109.2243893
27,6,676.3048212,,,,2.230979716,141.1854862
27,7,686.7108697,,,,2.958149883,167.8450716
27,8,699.9654636,,,,2.269991011,198.274869
27,1,718.1886476,,,,1.878463819,229.2186248
27,2,731.6022817,,,,2.311234591,25.727128
27,3,748.1898122,,,,2.550686286,56.77837574
27,4,762.4466795,,,,2.719248132,83.59262808
27,5,776.0962463,,,,2.437170642,108.5169923
27,6,791.3872973,,,,1.955260254,134.2405682
27,7,805.9703182,,,,1.660859212,162.9489374
27,8,818.1219032,,,,2.627764772,193.3263978
27,1,832.1386493,,,,2.564797008,229.5366237
27,2,847.5301303,,,,2.859791723,24.72095028
27,3,862.451938,,,,2.406087372,53.07290015
27,4,876.8582471,,,,2.17932239,81.33231035
27,5,889.9235623,,,,1.676176512,110.3630051
27,6,903.8855692,,,,2.846007121,139.1164236
27,7,918.0104394,,,,2.180630707,171.3542736
27,8,930.639603,,,,1.846383197,201.25
27,1,944.7102376,,,,2.443038877,0
27,2,959.1191037,,,,2.209169541,28.75
27,3,972.9686927,,,,2.691830024,56.86879244
27,4,988.7268312,,,,2.106566825,86.25
28,1,9.700606533,,,,2.498415905,227.8717127
28,2,24.07061059,,,,2.247837577,19.18779671
28,3,37.01220533,,,,1.467313284,53.05504381
28,4,50.74630322,,,,2.346115394,81.45788128
28,5,63.51954165,,,,2.097385081,113.9035614
28,6,82.47324485,,,,1.784837467,138.4880845
28,7,96.21061217,,,,1.270784736,168.0836259
28,8,110.3044887,,,,2.163140873,195.598818
28,1,123.4773188,,,,2.722118446,228.842568
28,2,136.6517477,,,,1.888106442,23.70455143
28,3,152.5972377,,,,2.716347462,45.25385921
28,4,167.6957527,,,,1.94468763,77.64656692
28,5,183.7802068,,,,1.901979878,112.7352654
28,6,200.3830663,,,,2.173944867,140.1461077
28,7,220.0119645,,,,1.431136767,162.6005077
28,8,231.8920882,,,,2.495699602,189.724882
28,1,245.631813,,,,2.043968953,225.3353918
28,2,258.5230437,,,,2.613174145,17.8228606
28,3,269.0512073,,,,2.186237755,53.08927836
28,4,281.7584357,,,,2.790399518,83.8385957
28,5,300.3813364,,,,2.535459074,108.4523889
28,6,313.034182,,,,2.839463541,140.6293789
28,7,324.6317689,,,,1.964766486,169.815998
28,8,337.3958153,,,,2.26948226,201.0866422
28,1,354.3558797,,,,2.569906395,229.1712035
28,2,368.7877927,,,,2.332965636,23.44192772
28,3,383.2163868,,,,2.16683058,57.22841645
28,4,396.547541,,,,2.429020898,85.81206735
28,5,414.531212,,,,2.494798777,114.603421
28,6,431.2757844,,,,2.090051025,143.4681948
28,7,449.8249932,,,,2.973976107,169.5484596
28,8,471.3214132,,,,2.238852653,196.1004467
28,1,483.7400806,,,,4.087316733,226.5916724
28,2,497.0951408,,,,3.319497611,25.28006958
28,3,515.9887473,,,,2.560204071,47.29522644
28,4,530.3002917,,,,2.313602612,82.8507559
28,5,543.956887,,,,2.732202181,109.1759586
28,6,555.0563866,,,,3.53400662,138.4152919
28,7,569.2563436,,,,1.878960599,169.4206366
28,8,581.9548608,,,,1.899039646,192.8734655
28,1,595.0081982,,,,2.772332813,222.229078
28,2,611.0271096,,,,2.173499317,15.42643613
28,3,628.3543695,,,,1.886721276,44.39474026
28,4,642.0073593,,,,2.25448433,76.48502933
28,5,658.8516496,,,,3.776378611,109.4515891
28,6,675.15532,,,,2.326983845,140.3878
28,7,685.1372752,,,,3.295201057,172.4979719
28,8,698.654828,,,,3.34572109,200.8902221
28,1,714.6070676,,,,3.55844047,229.0769251
28,2,730.2943781,,,,3.435148819,27.7682784
28,3,747.9068984,,,,2.970865615,52.58438888
28,4,761.4694344,,,,3.450208635,76.84707854
28,5,773.4361914,,,,2.250641658,110.1645417
28,6,786.5237853,,,,2.382776271,142.5712161
28,7,800.2196426,,,,2.228615805,170.9834426
28,8,815.106564,,,,2.093819104,201.25
28,1,830.3399689,,,,2.19304857,0
28,2,846.121269,,,,2.586833045,21.58083081
28,3,860.61198,,,,2.189231436,47.98879521
28,4,874.6017248,,,,2.621618692,73.90657544
28,5,887.1571503,,,,2.465145032,103.178227
28,6,902.257472,,,,1.74514694,135.3333805
28,7,917.4850289,,,,2.034573746,161.0446875
28,8,929.89547,,,,2.468335521,201.25
28,1,943.2141038,,,,1.934548012,229.8263191
28,2,957.3580061,,,,2.685000124,28.75
28,3,972.7342026,,,,2.681470422,57.5
28,4,986.6053624,,,,1.994254443,86.25
29,1,6.643886773,,,,1.717981054,229.4047201
29,2,19.81665408,,,,1.821611952,24.10269773
29,3,33.98288893,,,,2.379564792,53.94487749
29,4,48.70372734,,,,2.206731602,83.70490775
29,5,62.99677709,,,,1.56490757,112.5069703
29,6,79.52512461,,,,2.0289323,137.0805764
29,7,92.73529964,,,,2.426527358,165.1617881
29,8,107.6919996,,,,2.095845608,192.1875302
29,1,120.1795917,,,,2.443918731,229.2482384
29,2,133.9795209,,,,1.847542841,25.1400861
29,3,148.0889261,,,,2.347183217,57.5
29,4,163.2716833,,,,2.523876573,86.25
29,5,182.589482,,,,3.177187563,113.0150055
29,6,198.7253001,,,,3.819102262,142.0415337
29,7,213.0947414,,,,2.6953014,170.6107796
29,8,227.2740974,,,,2.269717117,197.3392352
29,1,239.9899459,,,,2.754971476,229.3690543
29,2,254.3414857,,,,2.214269234,23.77455241
29,3,267.0337132,,,,3.061176493,54.45218514
29,4,280.8942569,,,,2.086653084,82.33222784
29,5,297.79892,,,,3.0393801,110.061653
29,6,311.9351642,,,,3.159232034,138.3180769
29,7,323.2657022,,,,3.274367731,167.4297205
29,8,337.3238351,,,,2.945414887,198.5408401
29,1,354.033379,,,,2.53281385,227.8096499
29,2,366.512546,,,,2.52906538,25.17705333
29,3,383.0910501,,,,2.511154625,54.02531523
29,4,396.3672492,,,,2.313579945,80.29630319
29,5,414.3722497,,,,3.323952283,107.7000969
29,6,431.1409527,,,,2.552460061,138.3431416
29,7,448.8325372,,,,8.332226545,171.6342656
29,8,469.0213274,,,,5.665521923,188.4817471
29,1,482.677812,,,,2.839992899,226.3767075
29,2,496.0498228,,,,3.731082751,18.03851344
29,3,512.0028254,,,,6.805656118,48.45604749
29,4,528.8310489,,,,1.84905563,71.54152534
29,5,541.825258,,,,5.76667354,106.5527859
29,6,553.5468512,,,,2.682736591,138.2275353
29,7,567.6174782,,,,3.05089708,167.8116457
29,8,577.5439289,,,,3.248896377,194.7325819
29,1,592.0390453,,,,2.324032345,227.1771161
29,2,604.8971036,,,,1.81641935,28.4430288
29,3,621.4083198,,,,2.07708064,53.79239845
29,4,637.6760048,,,,2.810313627,77.4120341
29,5,657.3824085,,,,3.438891169,109.0641475
29,6,673.7104454,,,,2.358238764,137.1629416
29,7,685.1366597,,,,2.69702585,162.9773022
29,8,698.5472943,,,,2.334184572,191.7610653
29,1,713.9944108,,,,1.847098793,229.5449517
29,2,730.0085909,,,,2.00324851,7.990252992
29,3,746.2522927,,,,1.890230027,36.79912671
29,4,758.7441147,,,,2.374206996,66.66110639
29,5,771.2877115,,,,2.300872886,105.8125536
29,6,786.029075,,,,1.755938591,136.4396801
29,7,799.5391497,,,,2.405412585,172.5
29,8,815.0273418,,,,1.961216223,201.25
29,1,830.2010176,,,,1.980003515,0
29,2,843.3498612,,,,2.160055957,12.4073793
29,3,856.2674394,,,,2.197291937,44.61442698
29,4,869.8934029,,,,2.3347476,76.05721275
29,5,882.3615813,,,,2.504157491,105.2057724
29,6,897.4346004,,,,2.145541744,133.7588608
29,7,911.8547034,,,,1.700863126,163.6375252
29,8,924.059156,,,,1.894626344,194.1699268
29,1,938.7965219,,,,2.250754588,228.7898021
29,2,951.7288797,,,,2.047294176,22.71333374
29,3,965.503399,,,,2.611984175,54.73517963
29,4,982.0293498,,,,1.801064622,82.03896469
29,5,995.0838425,,,,2.589117591,112.639493
30,1,3.770746356,,,,2.033196069,228.193793
30,2,17.26545087,,,,1.521361667,24.1046557
30,3,32.48886678,,,,1.820386299,47.9314508
30,4,47.55039621,,,,1.893205106,73.89431083
30,5,61.40369276,,,,2.630318666,101.6088144
30,6,76.23796535,,,,2.343981759,143.75
30,7,89.71113762,,,,1.772155286,166.1935487
30,8,103.3679837,,,,1.50410935,197.1237936
30,1,117.2133672,,,,2.403671938,225.1756141
30,2,132.025621,,,,2.743013137,24.05278034
30,3,147.057521,,,,2.649296172,57.5
30,4,162.2600693,,,,2.573337453,86.25
30,5,181.9647173,,,,3.117157631,114.8857892
30,6,198.2779525,,,,4.385448464,140.869138
30,7,212.3938103,,,,4.866210623,169.4427488
30,8,225.5510788,,,,3.021991862,198.5902988
30,1,236.8014163,,,,2.657866908,228.9312433
30,2,252.0944926,,,,2.918532467,27.64416658
30,3,266.0380781,,,,2.387955773,49.99147381
30,4,279.016718,,,,2.618946643,70.30309976
30,5,296.1741324,,,,2.27741393,99.80695088
30,6,310.2157833,,,,2.39994588,127.6069273
30,7,321.7172263,,,,2.641829026,151.8825887
30,8,336.4040462,,,,2.554800618,186.5012632
30,1,349.5720322,,,,9.694575717,226.813127
30,2,365.0997922,,,,1.757408467,16.96532843
30,3,381.70735,,,,2.129847342,43.26930678
30,4,393.7938793,,,,2.38652785,71.56148506
30,5,412.1760981,,,,2.086651753,100.0061095
30,6,429.0226596,,,,1.281085679,129.2791782
30,7,448.7286352,,,,1.379006478,148.6381372
30,8,466.767651,,,,1.593767661,172.5
30,1,477.3876195,,,,2.707164333,222.1411871
30,2,493.178944,,,,1.818475848,3.346718529
30,3,510.6739377,,,,1.643327251,28.75
30,4,520.8764614,,,,2.817930234,57.5
30,5,540.3604249,,,,1.405598171,90.51022861
30,6,551.488332,,,,2.583594542,115
30,7,566.0807648,,,,1.970199232,143.75
30,8,575.5378883,,,,3.084795473,172.9141803
30,1,588.3903471,,,,2.295322864,229.4152837
30,2,604.7281056,,,,1.654651586,8.028907672
30,3,619.6233137,,,,2.03063026,34.92310636
30,4,634.5311722,,,,2.035616141,67.91715925
30,5,655.6563135,,,,1.17220615,95.41267776
30,6,670.9172344,,,,1.883896806,115
30,7,681.6058453,,,,2.689778893,143.75
30,8,694.482091,,,,2.232793666,172.5
30,1,706.6180664,,,,2.382000693,224.8704318
30,2,719.6455496,,,,2.371614243,7.889189964
30,3,735.3007826,,,,1.565912553,44.42483361
30,4,750.4934046,,,,2.595156276,86.25
30,5,767.294685,,,,1.279592962,102.9217885
30,6,781.8658771,,,,2.142321684,124.7569771
30,7,793.7011483,,,,2.4819391,153.8063508
30,8,806.946687,,,,2.446523804,189.4267348
30,1,821.1281808,,,,2.004803102,228.485607
30,2,835.7840291,,,,2.159923999,17.68010803
30,3,850.4031422,,,,2.187258003,47.59170797
30,4,865.5277117,,,,2.009366746,75.3386897
30,5,878.4503946,,,,2.447690131,110.0856632
30,6,892.7779028,,,,1.858535429,138.4861724
30,7,906.6441284,,,,2.3364901,168.2209296
30,8,920.3222327,,,,2.386755955,195.3059072
30,1,936.1754053,,,,1.987479755,226.6502682
30,2,948.7802726,,,,2.373829474,22.36830517
30,3,964.4448855,,,,1.990713508,50.24846814
30,4,979.6912686,,,,2.312689193,77.01156696
30,5,994.1721392,,,,2.165118314,103.997929
