Car Index,Station Index,Arrival Time,,,,Position,Velocity
1,1,13.26386228,12.8,0.463862282,,20.02566613,1.712265083
1,2,27.04462839,26.6,0.444628392,,48.81531012,2.846510567
1,3,39.07702445,39.3,0.222975549,,79.15248408,2.683947546
1,4,52.72770275,51.5,1.22770275,,105.1203849,3.060444708
1,5,69.29568405,64.9,4.395684046,,133.4076752,1.672956914
1,6,84.72117654,77.3,7.42117654,,156.2193611,1.728738809
1,7,99.3643716,90.2,9.164371602,,185.6869501,1.768950874
1,8,112.4465477,103.5,8.946547652,,229.0577281,2.407332991
1,1,126.2070629,116.2,10.00706289,,17.44918972,1.906090802
1,2,139.0529047,129.1,9.952904714,,47.2498485,2.097544505
1,3,152.7770179,141.8,10.97701794,,79.39662548,1.831956415
1,5,168.8471814,155.2,13.64718143,,115,2.125632848
1,6,190.1308717,168.1,22.03087169,,143.75,2.125509797
1,7,204.9189914,181.2,23.71899138,,172.5,2.756414658
1,8,232.9911002,193.8,39.19110025,,201.25,2.635643064
1,8,245.8251682,206.1,39.72516823,,229.0627975,2.548278946
1,1,257.4734787,218.7,38.77347871,,22.93855858,2.166566768
1,3,271.1664601,231.7,39.46646014,,57.5,2.573007582
1,3,287.430272,244.7,42.73027204,,81.76873985,2.556964498
1,4,303.7519962,257.4,46.35199623,,110.6192557,2.454462489
1,5,318.1052435,270.4,47.70524351,,139.0156772,1.417657898
1,6,328.4275659,283.4,45.02756591,,163.5977449,2.76605074
1,7,349.7002105,295.9,53.80021053,,197.1720554,2.080255154
1,8,367.2984146,308.4,58.89841458,,226.694886,2.269871746
1,1,378.4044852,321.2,57.20448517,,22.08666659,2.319479639
1,2,392.6320786,334.2,58.43207863,,52.96521153,2.298089241
1,3,407.6121395,347.6,60.01213954,,80.51834564,2.194835577
1,4,424.1706608,361,63.1706608,,109.5637787,1.860052255
1,5,436.6107599,373.9,62.71075992,,137.7027781,1.936565467
1,6,451.120055,386.3,64.82005497,,155.9075758,2.315259981
1,7,465.7496904,398,67.74969038,,190.3239156,1.760490108
1,8,479.869065,410.5,69.36906496,,225.4851693,2.312792078
1,1,495.0254765,423.9,71.12547653,,16.20410946,1.977336274
1,2,508.3690653,437,71.36906534,,45.13534804,1.956242941
1,3,522.5665941,450.2,72.36659408,,74.00695894,2.03855921
1,4,536.6826249,462.7,73.9826249,,104.189185,2.086686305
1,5,548.9571515,475.7,73.25715147,,131.2726919,2.18433131
1,6,563.1638175,488.4,74.76381746,,163.8702008,1.935427723
1,7,579.3430812,500.7,78.64308118,,190.7606552,1.781861349
1,8,595.585342,512.9,82.685342,,228.6138674,1.769367927
1,2,611.4639572,526.3,85.1639572,,28.75,2.748959761
1,3,624.8825665,539,85.88256654,,57.5,2.019166439
1,3,646.5638434,552.4,94.16384343,,79.30947355,0.741031182
1,4,662.6113558,565.1,97.51135577,,93.41939459,1.856332505
1,5,679.1222744,577.2,101.9222744,,124.6216548,1.664168367
1,6,695.180637,589.4,105.780637,,155.5859185,1.876083797
1,7,706.7924434,602.6,104.1924434,,181.2400919,2.539478548
1,8,721.0823576,616.1,104.9823576,,229.921774,2.021106678
1,1,736.461184,628.2,108.261184,,12.27673318,1.766504384
1,2,751.1601398,641.9,109.2601398,,37.27897687,1.890652383
1,3,766.7063873,655.3,111.4063873,,65.13218866,2.305375593
1,4,779.3071971,668.5,110.8071971,,92.91884709,2.356802383
1,5,793.2838083,679.8,113.4838083,,122.4558407,2.094376026
1,6,809.6002779,691.9,117.7002779,,152.9427937,1.812379922
1,7,823.7677399,705.3,118.4677399,,177.1853909,2.073153668
1,8,834.9510192,718.8,116.1510192,,229.0311787,2.189419355
1,1,847.9065276,731.6,116.3065276,,16.0767622,2.229519981
1,2,863.7627566,745.1,118.6627566,,50.9730182,1.471636622
1,3,877.1276596,758.4,118.7276596,,74.30366329,2.332374408
1,4,890.4229716,769.3,121.1229716,,106.0673586,2.304433983
1,6,903.4650972,781.8,121.6650972,,143.75,1.982159907
1,7,918.6996228,794.4,124.2996228,,172.5,2.427342426
1,7,931.9389304,808.5,123.4389304,,193.7276061,2.430693111
1,8,945.8193947,822,123.8193947,,229.5760997,2.481717229
1,2,963.8630918,833.9,129.9630918,,28.75,2.276835244
1,2,979.2904004,846.8,132.4904004,,53.19879358,2.522541964
1,3,996.9923429,859.9,137.0923429,,81.75520848,2.143686713
2,1,8.168661802,,,,22.18237433,2.622209308
2,2,23.99363326,,,,49.16086684,2.445977342
2,3,36.43259277,,,,77.32355438,2.38381176
2,4,49.49953952,,,,109.3248578,2.149888304
2,5,63.11362117,,,,136.6783744,2.664855147
2,7,75.30353705,,,,172.5,3.1477807
2,7,90.56647332,,,,196.1889088,2.23928715
2,8,107.0753502,,,,229.2277825,2.318943127
2,1,120.2782738,,,,23.43266473,2.364039187
2,3,134.1661662,,,,57.5,2.337214614
2,4,149.036004,,,,86.25,2.148604017
2,5,166.1950947,,,,115,3.087119805
2,6,184.7238147,,,,143.75,2.508663339
2,6,200.3321937,,,,167.3440733,1.827892436
2,7,215.2496978,,,,194.023001,2.309737377
2,8,241.9350026,,,,228.5188512,2.369359949
2,1,254.7911513,,,,12.50443224,2.11637788
2,2,268.279519,,,,51.60338203,1.97363792
2,3,285.6777017,,,,81.91757267,2.562296243
2,4,301.9671882,,,,108.6490091,2.505693063
2,5,314.7657053,,,,138.4455923,2.301293263
2,6,325.2091668,,,,168.0306733,2.352161827
2,7,347.7399007,,,,196.8526101,2.123029176
2,8,365.3295851,,,,227.7889232,2.060497064
2,1,375.5317144,,,,21.0121062,2.72930012
2,2,390.6587921,,,,49.91317029,2.202542248
2,3,405.0007119,,,,79.34469416,2.487707304
2,4,421.2480433,,,,104.7634558,2.769887829
2,5,433.488107,,,,134.5593277,2.192465674
2,6,443.9535059,,,,168.4638379,2.624841085
2,7,459.5434162,,,,194.6171846,1.983875092
2,8,474.318053,,,,229.8268739,2.109643492
2,1,488.6806323,,,,17.40425855,2.384152875
2,2,502.0484537,,,,49.6246361,2.216476879
2,3,516.5608617,,,,79.8703107,2.32796911
2,4,531.5017719,,,,105.9986073,2.052850104
2,5,543.2449648,,,,134.9662492,2.420139681
2,6,558.7049585,,,,163.2363964,2.197760369
2,7,573.4563466,,,,197.0914976,2.278643528
2,8,590.0431701,,,,228.4603123,1.909051041
2,1,603.636689,,,,22.19721771,1.908554212
2,3,621.3203121,,,,57.5,3.070408378
2,3,637.1978051,,,,79.86644791,1.959629066
2,4,650.9859571,,,,107.354771,2.119159788
2,6,667.6280377,,,,143.75,2.288415326
2,6,686.1650048,,,,166.5537985,1.077955019
2,7,698.9129092,,,,193.5225137,2.773422437
2,8,713.0015698,,,,229.64851,2.051453474
2,1,727.1358367,,,,22.24251372,1.975134311
2,2,740.4648775,,,,47.63674108,3.052721405
2,3,757.5461397,,,,79.94403322,0.994627243
2,4,769.938082,,,,107.3219923,2.787859916
2,5,783.1165036,,,,139.5110261,2.682553235
2,6,798.8093802,,,,164.8644347,2.649185255
2,7,812.1600094,,,,194.59697,2.448661186
2,8,828.9593126,,,,229.908926,1.368724482
2,1,842.2222378,,,,23.32281176,2.840839455
2,2,859.3275708,,,,51.21624906,1.152369576
2,3,872.0056961,,,,77.6838215,2.12695129
2,4,886.5466872,,,,106.3733085,2.279319668
2,6,901.2188124,,,,143.75,2.124773071
2,6,916.0628264,,,,167.9551826,1.895284453
2,7,928.8441778,,,,196.4664902,1.927087622
2,8,943.3416264,,,,229.4555307,2.035287046
2,2,961.2239381,,,,28.75,2.62635064
2,2,977.5852924,,,,53.48621655,2.333522148
2,3,994.8955852,,,,80.16851816,1.803350331
3,1,5.664046455,,,,20.81514987,2.318488956
3,2,20.58430766,,,,46.44274414,2.136601689
3,3,32.68798266,,,,78.75621675,2.035480801
3,4,46.85980134,,,,107.623019,2.106909243
3,5,60.45995887,,,,137.4875567,2.0421119
3,6,73.60990331,,,,166.4741618,2.336507102
3,7,88.30633837,,,,196.7829244,1.640052704
3,8,104.3826237,,,,228.7237208,2.118908181
3,1,118.0290153,,,,20.23249311,2.546528399
3,3,131.5924844,,,,57.5,2.009839533
3,4,145.9141517,,,,86.25,2.779037245
3,5,162.9382039,,,,115,2.429589627
3,5,177.318317,,,,133.8202992,2.602082543
3,6,197.5114989,,,,167.0483286,2.071462167
3,7,212.1207711,,,,196.6189795,2.060887587
3,8,239.1254738,,,,228.4722884,2.238743037
3,1,247.1150326,,,,18.24060626,2.939966783
3,2,265.2918292,,,,53.01795604,2.188629084
3,3,283.9868639,,,,82.06239573,3.246742026
3,4,299.4325638,,,,107.9187001,1.71069221
3,5,312.4607371,,,,130.7166049,3.206219141
3,6,323.3090736,,,,167.4266507,2.838744114
3,7,345.6686197,,,,193.9167818,2.520025992
3,8,362.3722925,,,,225.8771936,3.99897663
3,1,372.6965942,,,,19.30986048,3.380775459
3,2,387.2142136,,,,42.77393849,2.872929379
3,3,402.2249409,,,,74.3131523,2.740894339
3,4,417.5523903,,,,101.1737806,2.312206343
3,5,429.2961726,,,,130.5194952,2.554675459
3,6,442.4158273,,,,163.6548662,1.754276274
3,7,456.2000527,,,,195.1000863,2.384620486
3,8,469.6186483,,,,229.4255783,2.368182097
3,1,483.9218178,,,,21.47700466,2.542340446
3,2,498.4953537,,,,51.93134462,2.386510559
3,3,513.820409,,,,80.49724503,2.293618301
3,4,527.1169448,,,,105.1191053,2.505655104
3,6,539.6155252,,,,143.75,2.357042735
3,6,554.4899387,,,,166.2209485,2.401769716
3,7,571.6313563,,,,195.1538973,1.994869345
3,8,586.3854554,,,,228.2289713,2.741029784
3,2,600.203314,,,,28.75,2.660241045
3,2,618.602149,,,,52.22869975,2.050745165
3,3,633.9402743,,,,78.19616611,2.08109954
3,5,647.3782872,,,,115,1.930212437
3,6,665.0736534,,,,143.75,1.854601729
3,6,680.6488178,,,,165.9531929,2.327769941
3,7,696.1266455,,,,193.5115148,1.538766962
3,8,710.1092526,,,,229.1254857,2.345315576
3,1,723.841131,,,,21.42763538,2.114309888
3,3,737.233905,,,,57.5,2.330040502
3,3,751.2061094,,,,82.13341758,1.868498149
3,4,767.1839954,,,,106.6003664,2.67753501
3,5,781.5363024,,,,138.1921855,2.076572026
3,6,795.9271486,,,,161.0968251,1.909155703
3,7,809.4430022,,,,192.4261612,3.041821299
3,8,824.2821621,,,,229.9177984,1.778734264
3,1,840.3118207,,,,18.63364194,1.527426329
3,2,853.8746753,,,,49.6839292,2.207656805
3,3,867.9782515,,,,77.30684329,2.872872953
3,4,882.7619213,,,,108.6223984,2.117280089
3,6,897.3363651,,,,143.75,2.093307189
3,6,913.6648658,,,,164.1985103,1.436206112
3,7,926.3619296,,,,194.9890654,2.137754276
3,1,940.66066,,,,0,1.73145471
3,1,959.1160783,,,,21.18712232,1.547331605
3,2,975.8652387,,,,48.39677545,2.124792067
3,3,991.5232611,,,,78.02985525,1.812483316
3,4,1003.132618,,,,104.1264273,3.110774987
4,1,2.24162337,,,,23,2.565105305
4,2,15.40914754,,,,47.63786654,2.60509659
4,3,29.00640372,,,,80.60941492,1.542596029
4,4,43.35847304,,,,109.7775912,2.910547373
4,5,57.39330844,,,,139.0002482,2.40516987
4,6,71.03090913,,,,166.0443769,2.58236804
4,7,85.58259933,,,,193.6658025,1.978146984
4,8,100.7911476,,,,229.8996747,1.60154072
4,1,114.684263,,,,24.02834646,1.795897809
4,2,127.2726131,,,,51.48971924,2.335588062
4,3,142.1061445,,,,77.55846867,2.141835173
4,5,158.2218785,,,,115,2.932830016
4,5,173.5022579,,,,135.5774858,3.215592522
4,6,194.8797002,,,,167.8623284,2.23647471
4,7,209.8736711,,,,195.9112189,2.1430341
4,8,235.3799746,,,,228.2401863,3.434142006
4,1,243.5403685,,,,23.22902711,2.475226436
4,2,263.2439518,,,,52.61901127,3.315255987
4,3,282.6970773,,,,78.05573369,3.069814061
4,4,295.2931284,,,,100.8381304,3.904650253
4,5,308.3957014,,,,138.5105067,2.385179221
4,6,321.5218927,,,,162.214577,2.221622404
4,7,342.7586425,,,,195.1991359,3.481858782
4,8,361.3413271,,,,227.0150283,5.336740785
4,1,369.9042941,,,,20.27940788,5.040865472
4,2,382.0884136,,,,48.39927002,8.788700326
4,3,397.8698486,,,,79.81232098,2.189953693
4,4,411.5727253,,,,105.5743367,2.454664402
4,5,424.117235,,,,136.7496479,2.705264428
4,6,437.3737858,,,,161.9987189,2.332720263
4,7,453.6210622,,,,194.2085388,1.015371453
4,8,465.8946444,,,,229.6530705,2.393376907
4,1,481.0610698,,,,17.21074608,2.329076447
4,2,496.1619656,,,,46.80188923,1.768428325
4,3,511.3122519,,,,74.03090868,1.711330011
4,4,523.1735072,,,,106.3565402,2.448271967
4,6,536.6769445,,,,143.75,2.720088213
4,6,551.875595,,,,165.6637741,2.345274509
4,7,568.5754655,,,,196.8510722,2.163286045
4,8,584.9216778,,,,229.9135605,1.410651153
4,2,596.5622372,,,,28.75,2.49923133
4,2,616.0317174,,,,53.3280347,2.012817112
4,3,630.0702845,,,,81.64004388,2.659238087
4,5,645.3286527,,,,115,2.316856496
4,6,662.4404757,,,,143.75,2.139817462
4,6,677.8363375,,,,166.8820988,1.961281587
4,7,691.0976285,,,,197.119109,2.54713232
4,8,707.5417406,,,,228.0949427,2.542458653
4,1,720.3778901,,,,24.03238213,2.222543648
4,2,734.4216921,,,,50.4579236,2.396360483
4,3,749.002959,,,,77.98134048,2.099081686
4,4,764.0469183,,,,108.2642212,2.729354579
4,5,778.8598652,,,,137.7449533,2.086549202
4,6,789.9542598,,,,166.9370573,3.750600876
4,7,806.5421616,,,,197.0749085,2.43265232
4,8,820.5723241,,,,229.3941529,2.375392653
4,2,833.6886809,,,,28.75,2.703417007
4,2,850.3342379,,,,50.13606685,2.220173232
4,3,864.8652852,,,,80.50465789,1.931259464
4,4,879.7497541,,,,107.1019012,1.982845436
4,6,893.5920019,,,,143.75,2.199383773
4,6,907.8847138,,,,165.2715823,2.634001332
4,7,923.4331858,,,,194.4113341,2.310078963
4,8,936.8849653,,,,229.9333516,2.337566165
4,1,954.228388,,,,20.37338035,2.437106967
4,2,971.5809491,,,,51.26506975,2.374200613
4,3,986.9879671,,,,77.43239585,1.746619083
4,4,999.6371631,,,,106.4169521,2.498963508
5,2,11.62344013,,,,50.1953484,2.385124709
5,3,25.34985011,,,,81.57668925,2.576419818
5,4,41.56416833,,,,104.256603,2.044060185
5,5,55.41849916,,,,136.1868854,1.630835875
5,6,68.53102413,,,,162.1432554,2.737225104
5,7,81.74860846,,,,192.0715572,2.250119019
5,8,95.03781184,,,,228.5171631,1.882632918
5,1,112.0551303,,,,19.04643776,1.826455185
5,2,124.6992652,,,,49.00142466,2.355282838
5,3,138.0481612,,,,81.4172565,2.245929572
5,4,154.4107779,,,,109.6470998,1.74345288
5,5,170.9607312,,,,138.1651693,2.642393746
5,6,192.8060476,,,,166.6323403,2.193373393
5,7,207.3824457,,,,195.6992597,2.253234546
5,8,233.9190834,,,,225.4922217,4.857608081
5,1,241.3098765,,,,15.55605261,4.602326238
5,2,261.7716707,,,,48.40985982,1.440733272
5,3,280.0277735,,,,68.5045792,2.002572305
5,4,291.6662044,,,,88.15805231,2.882295963
5,5,306.199014,,,,120.1522816,2.238997448
5,6,316.8922027,,,,145.2190554,2.677764573
5,7,341.0208167,,,,178.4612102,1.077145562
5,8,360.3959334,,,,228.8599339,1.483862031
5,1,368.2239096,,,,0,3.672724496
5,2,381.0529101,,,,28.75,2.241016371
5,3,394.930207,,,,57.5,2.071729113
5,4,407.7328263,,,,92.63022772,2.147736354
5,5,421.5295574,,,,128.8501344,2.107017175
5,6,432.8720539,,,,163.8802842,2.78511046
5,7,446.6861999,,,,194.7165363,2.459194918
5,8,460.6905561,,,,229.2882793,2.262121901
5,1,476.1066365,,,,24.17388474,2.446273251
5,2,490.1124636,,,,48.35917623,2.209329339
5,4,504.1721379,,,,86.25,1.314829429
5,4,519.6430743,,,,108.1377924,1.85091328
5,6,534.1789055,,,,143.75,2.629694976
5,6,548.9607013,,,,168.2153861,2.552376126
5,7,566.5420184,,,,192.9287604,1.428842377
5,8,580.3328272,,,,229.971624,2.154585799
5,2,594.6038807,,,,28.75,2.027146128
5,2,613.9590177,,,,53.00213542,1.802707597
5,3,628.3367218,,,,79.40203015,1.982531015
5,5,642.9499861,,,,115,1.92756724
5,6,660.3679759,,,,143.75,1.799362623
5,6,674.9719343,,,,164.7790868,1.909051319
5,7,689.4758474,,,,196.5636778,1.474206788
5,8,705.6629207,,,,229.8873094,1.746811925
5,1,718.255269,,,,13.64206952,2.220643282
5,2,731.4830372,,,,45.84589681,2.854774115
5,3,745.0637796,,,,78.57266632,2.399205743
5,4,761.5790166,,,,109.5470705,2.056410197
5,5,775.9818853,,,,133.8438009,2.107436339
5,6,788.471046,,,,161.6051715,2.538432293
5,7,804.8258902,,,,188.2659029,2.01852151
5,8,818.2556437,,,,229.904627,1.93980371
5,2,832.2201901,,,,28.75,2.34021157
5,3,847.0174097,,,,57.5,3.139481386
5,3,861.8903653,,,,79.76613508,2.542305793
5,4,875.7665396,,,,108.7259854,2.256478476
5,6,890.9570724,,,,143.75,2.374958137
5,6,905.1404411,,,,168.002096,2.684764552
5,7,920.4728255,,,,196.6208438,2.610618577
5,8,934.8667059,,,,229.6629226,1.827796062
5,1,950.7912719,,,,14.60543881,2.681736924
5,2,968.9548314,,,,46.57766972,2.145107812
5,3,981.9395829,,,,73.96779855,2.209772984
5,4,996.20252,,,,105.9850769,1.793439234
6,2,8.560853265,,,,50.1511938,2.373876803
6,3,23.53597229,,,,76.95880759,1.967512294
6,4,36.30825803,,,,106.146046,2.424411077
6,5,50.78092973,,,,137.5066545,1.513187676
6,6,64.74735847,,,,163.3470684,2.119414674
6,7,77.66951633,,,,196.0753981,2.187086716
6,8,90.93297136,,,,229.1759113,2.248548699
6,1,106.7423461,,,,21.18710898,2.417639363
6,2,121.0909616,,,,48.50346286,2.018021542
6,4,135.8963825,,,,86.25,2.213885518
6,5,151.3404911,,,,115,2.322076086
6,5,168.8471814,,,,138.2607552,2.069783302
6,6,190.1308717,,,,164.6099614,1.459211286
6,7,204.9189914,,,,183.6224663,2.39301509
6,8,232.9911002,,,,229.9823543,0.765469624
6,1,238.4430768,,,,0,5.273316892
6,2,255.4622862,,,,28.75,1.689267655
6,3,271.1664601,,,,57.5,1.830723484
6,4,282.3535078,,,,86.25,2.569936302
6,5,295.6596011,,,,116.7085088,2.218640804
6,6,306.7042479,,,,151.0189972,2.932465974
6,7,319.8641685,,,,190.6962865,2.37458832
6,1,332.9071214,,,,0,1.942335213
6,1,350.2643596,,,,24.09899518,2.34135313
6,2,365.5040539,,,,51.05131263,2.295232712
6,3,379.2702703,,,,79.79617225,2.954405276
6,4,397.317315,,,,110.6532601,2.428438112
6,5,414.458013,,,,139.6753559,1.303345173
6,6,429.7771261,,,,160.2751607,1.829335429
6,7,444.0294509,,,,188.7350291,1.882709468
6,8,458.232079,,,,229.3706343,1.795587312
6,1,474.2359888,,,,23.42561645,1.206553101
6,2,485.9750886,,,,52.085719,2.300651031
6,4,501.596099,,,,86.25,2.422338628
6,4,515.9356032,,,,107.1823166,2.149018468
6,5,530.1875596,,,,138.4429697,1.694551647
6,6,547.2820247,,,,164.9954252,1.804693979
6,7,560.7182552,,,,192.9811115,2.705465478
6,8,575.7494923,,,,228.4524405,2.600227343
6,1,590.548632,,,,21.93369445,2.131115916
6,2,611.4639572,,,,49.00853679,1.019476911
6,3,624.8825665,,,,79.7305936,1.830134944
6,4,638.7331721,,,,106.3938415,2.41368845
6,5,656.1539174,,,,132.2739612,1.984211082
6,6,670.9275626,,,,164.6064942,2.392315846
6,7,686.2969703,,,,197.0252199,1.409029224
6,8,698.9299485,,,,229.9622591,2.214926359
6,1,711.4518664,,,,21.42031614,2.113687661
6,2,727.4007166,,,,48.69129127,2.342902537
6,3,741.8638315,,,,80.08228018,2.285675749
6,4,758.9273426,,,,107.5304897,2.337015289
6,5,771.281293,,,,138.532874,3.44361173
6,6,784.1790945,,,,164.517599,2.094306848
6,7,798.3934113,,,,196.2312737,2.209100935
6,8,812.8456875,,,,229.9738488,2.129899627
6,1,827.7072909,,,,19.79707163,1.763932619
6,2,844.4987125,,,,51.3093885,2.209345056
6,3,859.3399778,,,,76.91619805,2.079005838
6,4,872.9860944,,,,110.6984939,2.525511375
6,5,887.4567566,,,,138.3274172,2.049064899
6,6,903.4650972,,,,167.7782283,2.102036081
6,7,918.6996228,,,,196.1380916,1.846166515
6,8,929.9003189,,,,229.6084608,2.485253972
6,1,945.5168689,,,,24.49879934,1.369122506
6,2,963.8630918,,,,52.24881468,1.98972317
6,3,976.3814547,,,,77.65271109,2.604857556
6,4,991.175908,,,,107.2192413,2.145529939
6,5,1003.266586,,,,139.3373456,2.120999242
7,2,5.465155041,,,,48.36462837,2.231653064
7,3,18.81366767,,,,78.04914157,2.118429788
7,5,32.65625608,,,,115,2.303437831
7,6,46.65497392,,,,143.75,2.371658606
7,6,60.42874554,,,,167.5550769,2.251706805
7,7,75.30353705,,,,195.7742881,2.715272828
7,8,88.65244271,,,,229.1333711,2.503952647
7,1,103.6141331,,,,21.53657113,2.499777436
7,2,116.632864,,,,50.1085947,2.747046233
7,4,134.1661662,,,,86.25,1.894263746
7,5,149.036004,,,,115,2.237487633
7,5,166.1950947,,,,137.9595161,1.777917713
7,6,184.7238147,,,,163.228137,1.121271437
7,7,197.5527471,,,,182.5576866,2.294988511
7,8,210.4088232,,,,229.8817841,2.231443833
7,1,223.6025066,,,,19.40868538,1.703065464
7,2,236.4490096,,,,49.70748414,2.238610226
7,3,251.8475848,,,,80.28314943,2.290894498
7,4,270.1741313,,,,109.0530974,1.582104715
7,5,283.4712869,,,,138.5496501,2.407785727
7,6,299.3790127,,,,167.1443886,1.64264114
7,7,315.4197293,,,,195.3088692,1.270372264
7,1,331.320055,,,,0,2.409004533
7,1,348.2778994,,,,24.57782443,1.090988859
7,2,362.6944532,,,,49.92971218,2.468440785
7,3,377.0857942,,,,79.36381958,1.948818348
7,4,395.5273827,,,,108.4364602,1.160833212
7,5,411.3317159,,,,130.3202977,1.794257324
7,6,423.0944592,,,,164.2082711,2.491050192
7,7,437.3821316,,,,194.834803,2.40504283
7,8,453.5070299,,,,229.4874275,1.404546513
7,1,469.823101,,,,21.53699914,2.520708897
7,2,483.6217196,,,,44.07796344,2.352775474
7,4,498.0117122,,,,86.25,2.479217087
7,4,512.2978106,,,,104.9830602,2.621248327
7,5,527.0557399,,,,139.745613,1.634297141
7,6,543.1236605,,,,164.3815622,2.314174669
7,7,557.6618907,,,,191.4501731,2.149685005
7,1,571.6221496,,,,0,2.179085215
7,1,587.3501643,,,,21.86897242,2.763728211
7,3,603.1347218,,,,57.5,2.500054133
7,3,621.3203121,,,,78.10495835,1.558689357
7,4,635.167609,,,,109.8238807,1.927732885
7,5,650.370239,,,,136.8156478,2.317668393
7,6,667.6280377,,,,167.1390935,2.098707907
7,7,683.298608,,,,194.320869,2.160485703
7,8,696.4686765,,,,229.3731777,1.832647409
7,1,707.9841431,,,,22.37088859,2.252307104
7,2,723.6409747,,,,47.85048167,2.79077358
7,3,739.1654086,,,,81.51653651,2.450662562
7,4,755.7311674,,,,103.2932537,1.569509944
7,5,769.7662772,,,,124.4521475,1.961590792
7,6,780.3676181,,,,150.103756,3.210517241
7,7,796.1215701,,,,192.6817885,1.75475802
7,8,808.6529855,,,,228.34691,2.478916465
7,2,822.6317408,,,,28.75,2.247703632
7,2,841.6967004,,,,52.82379583,1.691394002
7,3,854.8504272,,,,81.35848796,2.541366324
7,4,871.2828726,,,,107.8744889,1.748603641
7,5,884.8103871,,,,135.1598966,2.005345685
7,6,901.2188124,,,,165.3892214,1.83151968
7,7,915.9306914,,,,187.8696505,2.332295374
7,8,928.111176,,,,228.5989242,2.007944856
7,1,942.411814,,,,24.44053136,2.460930744
7,2,961.2239381,,,,49.24433477,1.235850858
7,3,973.0809714,,,,73.18877486,2.231786903
7,4,987.5494107,,,,100.2158458,2.285858141
7,5,1001.186126,,,,132.2834497,1.923721712
8,2,1.371610314,,,,53.66666667,2.794768525
8,3,14.94247095,,,,80.30582748,1.972958612
8,4,28.41501817,,,,107.2899688,2.691350018
8,6,42.98473956,,,,143.75,3.027344295
8,6,58.23266783,,,,165.5017934,2.795083519
8,7,73.28690291,,,,192.9659214,2.308045719
8,8,86.96478983,,,,227.2484442,2.144404577
8,1,100.7285046,,,,21.28802434,2.077541548
8,3,113.9421902,,,,57.5,2.417035213
8,4,131.5924844,,,,86.25,1.931124957
8,5,145.9141517,,,,115,2.25020487
8,6,162.9382039,,,,143.75,2.332792442
8,6,176.4547527,,,,165.2806757,2.097225146
8,7,189.4079075,,,,196.2535271,1.995081216
8,8,203.3673258,,,,225.8998805,2.129405003
8,1,218.1175063,,,,23.36920388,2.087240398
8,2,232.9680482,,,,52.14535104,2.698330856
8,3,249.2429906,,,,77.21811676,2.3858519
8,4,266.4152761,,,,107.8961532,2.117471038
8,5,281.311481,,,,136.0776796,1.798247003
8,7,296.1186467,,,,172.5,2.088450693
8,8,310.7430444,,,,201.25,1.754652674
8,1,327.855745,,,,0,2.077348688
8,1,344.4536848,,,,21.39750467,1.873902566
8,2,359.6276234,,,,51.81878278,2.62988262
8,3,373.5522784,,,,77.97859271,2.439329648
8,4,389.87322,,,,108.6605469,1.958655031
8,6,403.8468908,,,,143.75,2.322646366
8,6,419.7658515,,,,167.2497753,2.155175368
8,7,434.7147375,,,,191.8377862,2.143568351
8,8,450.1412534,,,,229.5290967,1.950703478
8,1,466.961604,,,,18.04897353,1.878653973
8,2,477.9169523,,,,50.39213296,2.721605494
8,4,493.8774698,,,,86.25,2.448324958
8,4,508.4763719,,,,109.4544413,2.603018363
8,5,524.6055202,,,,138.1763848,1.743497496
8,6,539.6155252,,,,165.683141,2.319779396
8,7,553.1031638,,,,193.234228,2.165936969
8,8,567.729321,,,,229.1530238,1.822192579
8,1,584.8604015,,,,22.41108621,2.523811196
8,2,600.203314,,,,48.8779853,2.367984838
8,3,616.0947412,,,,78.8904729,2.933141248
8,4,632.4825278,,,,105.622109,2.165737313
8,5,647.3782872,,,,138.6081857,2.508649386
8,6,665.0736534,,,,167.68926,1.826971323
8,7,680.0913982,,,,193.8150469,2.017373128
8,8,691.8651619,,,,228.5624369,1.872964933
8,1,705.1518866,,,,20.02819265,2.023626973
8,2,720.1833247,,,,47.73134803,2.448630977
8,3,737.233905,,,,74.75946353,1.717730113
8,4,748.2723129,,,,97.50282816,3.278676856
8,5,759.9284188,,,,135.488974,2.096525001
8,7,773.3917191,,,,172.5,2.917078689
8,8,791.2387251,,,,201.25,1.801574322
8,1,805.5076993,,,,0,3.024277482
8,1,820.3172728,,,,23.45743981,1.799259469
8,2,838.9319962,,,,49.03149886,1.615104333
8,3,852.9256704,,,,76.28358984,2.56873524
8,4,867.2079005,,,,103.749084,2.30119189
8,5,880.5267848,,,,137.9451359,2.146903308
8,6,897.3363651,,,,164.3138753,2.18625285
8,7,910.1937038,,,,187.2178851,2.527842011
8,8,923.3709091,,,,228.7082481,1.637746012
8,1,940.66066,,,,18.87024719,1.358970048
8,2,954.5437912,,,,39.85995429,2.173239364
8,3,967.2286093,,,,80.00053762,1.70500693
8,4,981.0817502,,,,108.6663276,2.426446869
8,5,995.2255181,,,,137.1345964,1.868200995
9,3,11.92964925,,,,79.83312021,2.40484721
9,4,25.5502733,,,,108.4611675,2.856861309
9,5,40.95173128,,,,138.9798094,1.456084542
9,6,55.72891203,,,,165.3133939,1.934811124
9,7,69.69768517,,,,194.6593205,2.976838778
9,8,82.74843302,,,,229.0426001,2.435259621
9,1,97.13677109,,,,22.9575209,2.006679373
9,3,110.999019,,,,57.5,2.160508026
9,3,124.69705,,,,80.34928111,1.835990111
9,4,140.4096729,,,,109.990955,2.06342977
9,5,158.2218785,,,,135.9252153,2.042491679
9,6,173.0124307,,,,166.5649219,2.623789
9,7,186.9035117,,,,194.7248728,2.071076102
9,8,201.1406902,,,,228.144688,2.29476819
9,1,215.5395588,,,,24.00392476,2.194057129
9,2,230.9836181,,,,48.05606906,1.884672481
9,3,245.4573896,,,,78.39329794,2.69815688
9,4,263.0604029,,,,110.0788154,2.251139827
9,5,277.0449256,,,,139.3871826,2.199038971
9,7,293.557879,,,,172.5,1.866130527
9,8,308.3919828,,,,201.25,2.440589544
9,1,325.8014189,,,,0,2.231957601
9,1,340.5300574,,,,17.61005231,2.687211548
9,2,357.4673683,,,,49.67425975,1.220631039
9,3,370.1614258,,,,73.56375015,2.148420248
9,5,386.6365841,,,,115,1.896500515
9,5,400.2170311,,,,134.570146,2.110389979
9,6,417.3297506,,,,163.4832679,1.654118884
9,7,430.3238284,,,,192.1466891,2.394210693
9,8,447.2733277,,,,229.7983439,1.717913203
9,1,461.2654904,,,,17.7651721,2.334660936
9,2,475.3053074,,,,51.98334058,2.156854451
9,3,490.9390339,,,,81.77795905,2.327270521
9,4,506.345938,,,,110.1383916,2.236456064
9,5,521.4087188,,,,134.0267951,1.785262144
9,6,536.6769445,,,,165.8022323,2.681210158
9,7,549.4023303,,,,194.6889847,2.911525664
9,8,564.9485813,,,,229.7516497,1.750765503
9,1,582.3487581,,,,23.97108269,2.355189515
9,2,596.5622372,,,,52.71805083,2.441817473
9,3,613.5856472,,,,81.44821623,1.99552983
9,4,628.1524131,,,,109.6942104,1.92582877
9,5,645.3286527,,,,138.6279125,2.153343955
9,6,662.4404757,,,,167.9766767,2.182544545
9,7,676.4059356,,,,196.450392,1.913386932
9,8,687.9309707,,,,229.8118766,2.947373458
9,1,700.8418989,,,,19.24238979,1.942188194
9,2,716.1938906,,,,44.86298133,2.247714203
9,3,730.5445326,,,,71.31134617,2.853672504
9,4,742.9356565,,,,101.2501639,2.725201813
9,5,755.9880766,,,,134.2514303,2.305963968
9,7,769.679836,,,,172.5,2.455015706
9,7,784.601163,,,,192.5336993,2.694255831
9,8,802.1609745,,,,228.2136337,2.617664035
9,1,817.3757514,,,,24.59778827,2.308252506
9,2,833.6886809,,,,53.37501373,2.808997021
9,3,849.0457804,,,,81.7848112,2.201367169
9,4,862.3187315,,,,105.0182465,2.354169521
9,5,877.8229536,,,,137.5384278,1.757490346
9,6,893.5920019,,,,164.9626227,2.860561229
9,7,904.6426785,,,,195.2260648,2.570869672
9,8,919.7010732,,,,229.6181681,1.856661717
9,1,933.3906301,,,,22.11090161,2.417595583
9,2,946.4268548,,,,52.82921285,2.562396009
9,3,963.5632503,,,,80.20287799,1.873036793
9,4,978.471484,,,,109.3057369,2.064666169
9,5,991.6844625,,,,139.3094089,2.63281371
10,3,9.261338449,,,,80.91262336,1.207163686
10,4,23.2614564,,,,110.3564092,1.662887774
10,5,37.67569168,,,,137.4949977,2.132286327
10,6,52.01454114,,,,167.6751482,2.242121475
10,7,67.48369912,,,,190.4315967,1.980010522
10,8,80.6628264,,,,226.7808204,2.022476965
10,1,94.25017187,,,,19.49711988,2.234951616
10,2,107.3414629,,,,49.55062101,2.232239282
10,3,121.4831335,,,,78.01503963,2.318018217
10,4,137.9821393,,,,110.0327331,2.38151774
10,5,154.390879,,,,136.466283,2.387800267
10,6,170.750405,,,,165.4301873,2.061477018
10,7,183.7529143,,,,196.9630244,2.406725228
10,8,198.0066434,,,,229.0194745,2.16024119
10,1,213.3764085,,,,22.67124155,2.217156017
10,2,225.9727045,,,,49.87579364,2.763992572
10,3,242.5455122,,,,81.98481606,2.332254949
10,4,260.8743172,,,,109.0600708,1.692834508
10,5,275.0609601,,,,136.9228392,1.9362256
10,7,291.8164788,,,,172.5,1.831884966
10,8,305.7882983,,,,201.25,2.784002747
10,1,319.8697771,,,,0,2.87984107
10,1,336.3845157,,,,23.02436232,1.646531075
10,2,351.0561433,,,,47.92389332,2.457177325
10,3,364.2565057,,,,78.2245356,2.309816183
10,4,380.2453479,,,,107.0222537,1.688653695
10,5,395.8671934,,,,135.1880574,3.039499269
10,6,411.8786719,,,,167.4667039,2.420812867
10,7,426.5216104,,,,194.8538052,2.596895826
10,8,443.1434941,,,,229.6962235,1.502925836
10,1,456.5603841,,,,23.09306511,2.32858861
10,2,472.7475737,,,,50.24188138,1.632335076
10,3,489.017452,,,,78.7399296,2.260491572
10,4,504.1721379,,,,109.1850314,2.257329516
10,5,515.962345,,,,139.5653091,2.115831426
10,6,534.1789055,,,,163.4252042,1.412703947
10,7,547.1488673,,,,189.548751,2.263500094
10,8,561.4269252,,,,228.7438847,2.050552234
10,1,580.3196571,,,,20.26250557,1.604745699
10,2,594.6038807,,,,45.92335366,2.09943848
10,3,611.1793771,,,,75.88103703,1.944014659
10,4,625.3973449,,,,108.4805959,2.075076369
10,5,642.9499861,,,,131.7182251,1.539379846
10,6,660.3679759,,,,158.1302414,1.820989572
10,7,673.8975,,,,183.5143716,2.416184147
10,8,685.8617975,,,,226.6790941,2.644007454
10,1,695.9465905,,,,11.07175125,3.246580036
10,2,710.5717262,,,,46.54794695,1.710630297
10,3,725.3096454,,,,73.67386272,1.598267441
10,4,737.8902187,,,,102.0850227,2.320413846
10,5,751.8689447,,,,137.4158467,2.171222711
10,7,767.5108609,,,,172.5,2.852678003
10,7,781.3660208,,,,193.9732313,2.578457091
10,8,799.8873813,,,,227.9501289,2.292749416
10,1,815.5768963,,,,21.28286446,2.15047626
10,2,832.2201901,,,,48.07886376,1.52777863
10,3,847.0174097,,,,73.30908098,2.0529888
10,4,858.0786998,,,,109.0132962,2.976284625
10,5,874.2886115,,,,133.3055339,2.139006962
10,6,890.9570724,,,,163.2090199,2.192209979
10,7,902.2995278,,,,195.3602894,2.636408899
10,8,916.935692,,,,229.3975154,2.108177444
10,1,930.6444726,,,,21.38274361,2.280134195
10,2,944.6040347,,,,53.27874219,2.386938028
10,3,960.3347382,,,,79.13273162,2.401350504
10,4,975.7135257,,,,105.5059944,1.874211427
10,5,989.9978293,,,,132.8586297,2.329771244
10,6,1003.866211,,,,162.7235852,1.737829565
11,3,4.839919297,,,,80.31485726,1.679500898
11,4,20.46897044,,,,110.4817961,2.040970107
11,5,34.74221967,,,,138.8634032,2.342608878
11,6,49.86262747,,,,165.7387801,2.107839815
11,7,62.01988808,,,,188.7818039,2.799328271
11,8,75.07667042,,,,228.0502901,2.133438631
11,1,90.11009114,,,,20.86059076,1.648154322
11,3,103.780295,,,,57.5,2.736801298
11,3,117.930547,,,,81.74539052,2.204370891
11,4,135.8963825,,,,110.7601906,2.450450523
11,5,151.3404911,,,,138.3687828,2.335104016
11,6,167.320916,,,,167.2868012,2.371958824
11,7,181.9716658,,,,194.2792723,2.234593356
11,8,196.0582006,,,,228.6713921,1.956292735
11,1,210.6347167,,,,22.899419,1.38673479
11,2,223.2143012,,,,49.28506188,2.533399355
11,3,240.716731,,,,78.05346343,1.856821058
11,4,257.3654513,,,,103.1217158,1.589912438
11,6,271.534945,,,,143.75,2.229957963
11,7,288.2810771,,,,172.5,1.856680684
11,7,302.1973689,,,,192.8080991,2.650851046
11,8,316.1131106,,,,228.6116297,2.002318697
11,1,332.9071214,,,,24.64809549,2.584582797
11,2,347.1589453,,,,51.99703817,2.323286281
11,3,360.7820022,,,,80.80792185,2.347025848
11,4,375.5210244,,,,110.3872626,2.683839976
11,5,393.0503009,,,,139.3631773,2.078722707
11,6,409.7994959,,,,168.1043263,2.734305538
11,7,424.0585949,,,,196.1291115,2.478474282
11,8,438.4941231,,,,227.6414077,2.665420511
11,1,454.1310435,,,,19.33757704,2.852327403
11,2,468.30111,,,,51.71893017,2.71984806
11,3,485.6951346,,,,79.41525454,2.743847256
11,4,501.596099,,,,108.0554923,1.937432498
11,5,513.9845452,,,,137.9951904,1.819812201
11,6,527.7551988,,,,167.6991354,2.036449071
11,7,541.9793297,,,,194.6803726,1.989746848
11,8,556.3306826,,,,229.1932194,2.69748737
11,1,575.0306606,,,,21.84093955,2.027002531
11,2,589.0897175,,,,48.12577873,2.096224055
11,3,605.8455887,,,,79.60149805,2.452537223
11,4,622.2555791,,,,109.0377864,2.652267713
11,5,635.1339977,,,,138.4613067,3.324643061
11,6,652.4767947,,,,162.5443361,2.903960437
11,7,666.5571537,,,,193.7590755,2.994601197
11,8,679.1051841,,,,228.1276746,2.172388957
11,1,690.5013994,,,,22.02476144,2.414618881
11,2,704.1693767,,,,52.01638627,2.152157866
11,3,717.441039,,,,80.30253325,2.37040508
11,4,732.324411,,,,107.5834978,1.72394537
11,5,748.9516239,,,,137.2483496,2.172382786
11,6,762.5097369,,,,165.5425297,2.533373691
11,7,778.5438801,,,,194.7600118,2.571217382
11,8,797.3705387,,,,228.2788176,2.071184462
11,1,812.1045792,,,,20.17340405,1.970557515
11,2,826.0536317,,,,47.68402361,2.868582496
11,3,840.7139564,,,,81.10509147,2.368884002
11,4,856.0672309,,,,106.9758794,2.272908221
11,5,869.4057541,,,,134.2479919,3.235330043
11,6,886.7188925,,,,160.4895513,1.439048112
11,7,900.065538,,,,186.7919565,2.203268411
11,8,911.072372,,,,228.1378259,2.574553233
11,1,927.41341,,,,21.06074452,1.258927746
11,2,942.8355523,,,,48.0728087,1.486679188
11,3,957.3708775,,,,71.22885455,2.494435285
11,4,970.6479256,,,,105.4813043,2.600477853
11,5,985.3229625,,,,138.643983,1.869382455
11,7,998.2405647,,,,172.5,3.093364921
12,3,1.306046377,,,,84.33333333,1.467533389
12,4,18.25521736,,,,103.269985,1.413801661
12,5,32.65625608,,,,130.1941388,1.736226722
12,6,46.65497392,,,,163.4209209,2.473705535
12,7,57.56589236,,,,193.9898362,2.732372881
12,8,71.94910223,,,,228.2411229,2.008982463
12,1,85.3232765,,,,21.75250031,2.357660633
12,2,99.93946252,,,,52.82024496,1.920108343
12,3,115.8870572,,,,81.53831866,2.422623962
12,4,134.1661662,,,,109.944162,1.964437879
12,5,149.036004,,,,137.4408999,2.020947664
12,6,165.1230706,,,,167.6681974,2.21148614
12,7,178.8522044,,,,193.0069721,2.811220844
12,8,192.7307364,,,,224.4340832,2.140848649
12,1,206.415755,,,,15.83498179,2.596554659
12,2,219.9716469,,,,48.8393843,1.647610336
12,3,236.3024465,,,,75.34373669,1.669481009
12,5,249.8944209,,,,115,2.143418212
12,6,267.4707332,,,,143.75,1.688803979
12,6,282.9647592,,,,163.7220538,1.804467473
12,7,299.0127687,,,,195.5852718,1.957321839
12,8,313.2459019,,,,229.1896005,1.989037271
12,1,331.320055,,,,23.30689737,1.571193855
12,2,344.7903341,,,,52.47761341,2.40461508
12,3,358.4632898,,,,78.74776568,2.257667751
12,4,373.8023163,,,,108.8102232,2.662602999
12,5,390.9399556,,,,139.7079353,2.218105266
12,6,408.1918944,,,,163.6674658,2.032802515
12,7,421.9924494,,,,191.7981576,2.412104585
12,8,435.8307152,,,,226.9476036,2.735176827
12,1,450.8311337,,,,19.66202113,1.749399534
12,2,466.1755979,,,,51.34794777,1.95396762
12,3,483.2041995,,,,77.93501113,1.347782241
12,4,498.0117122,,,,105.7818716,2.229702014
12,5,510.8222356,,,,136.9745394,1.995006654
12,6,525.3977303,,,,166.7617718,2.322308001
12,7,538.6775893,,,,194.8825958,2.549746375
12,8,554.7405311,,,,229.5295257,1.87744826
12,1,571.6221496,,,,17.05955283,1.600287195
12,2,584.6177617,,,,52.5590533,2.068056962
12,3,603.1347218,,,,76.37919282,2.537638969
12,4,620.0076108,,,,102.1321159,1.718098342
12,5,633.5432425,,,,122.8812817,2.342209645
12,6,649.0484891,,,,149.3551744,2.015623903
12,7,664.0556772,,,,178.1520851,1.828929748
12,8,674.8092261,,,,227.524146,2.71556755
12,1,687.716182,,,,11.22453203,2.109914694
12,2,701.621416,,,,43.24650733,2.258555178
12,3,714.9319882,,,,74.8565709,2.192894237
12,4,728.0223593,,,,107.1468018,2.322869333
12,5,745.9587579,,,,135.7843325,1.40205686
12,6,759.7634108,,,,162.4848821,2.775964766
12,7,776.0197885,,,,195.1078771,2.337123604
12,8,795.3143301,,,,227.5834612,2.359588187
12,1,807.7522089,,,,24.70027999,1.804278299
12,2,822.6317408,,,,48.37026577,2.212288793
12,3,838.5420862,,,,76.30867354,1.749948325
12,4,852.5368989,,,,99.69555614,2.449384185
12,5,866.4688023,,,,133.8285054,1.810179444
12,6,878.3727861,,,,166.1519434,1.932329423
12,7,893.5034489,,,,196.7987973,1.804178565
12,8,907.8252737,,,,226.210738,2.048927941
12,1,921.3056285,,,,24.31490572,2.422416212
12,2,936.4944456,,,,52.2328498,2.112879872
12,3,951.3490154,,,,75.64960415,2.259535083
12,4,966.9875616,,,,107.3571774,1.530076939
12,5,982.5915701,,,,137.5556557,2.206209052
12,6,995.5488904,,,,163.099778,2.321931768
13,4,9.958427663,,,,106.9138142,3.009275128
13,5,24.84859996,,,,138.8904922,2.496009027
13,6,42.98473956,,,,163.3609529,2.392963899
13,7,54.90880122,,,,195.7574304,2.363125601
13,8,69.30423216,,,,229.9822106,2.081085028
13,1,82.35529222,,,,20.31278116,2.569058772
13,2,97.50222764,,,,52.76778542,2.121290236
13,3,113.9421902,,,,79.26611407,2.372911886
13,4,131.5924844,,,,102.9860011,1.583247117
13,5,145.9141517,,,,130.0013367,1.922649403
13,6,162.9382039,,,,155.9421072,1.557777128
13,7,175.9200164,,,,180.976674,1.989503355
13,8,186.9832899,,,,229.7638801,2.959707846
13,1,201.4418493,,,,16.23457568,2.064299633
13,2,214.7151761,,,,46.6021312,2.39779843
13,4,229.7697197,,,,86.25,2.293420376
13,4,245.0138851,,,,110.6049649,2.253043289
13,6,262.0935302,,,,143.75,1.482087893
13,6,278.1001959,,,,167.5982107,2.271201598
13,7,296.1186467,,,,196.9023802,1.697779855
13,8,310.7430444,,,,229.7085678,2.283033028
13,1,327.855745,,,,23.22978299,2.687118129
13,2,342.7016894,,,,48.47692174,1.851547568
13,3,355.1402878,,,,78.29163618,2.303373905
13,4,371.4776075,,,,109.8557393,1.902323666
13,5,389.1176504,,,,138.1763945,2.24645571
13,6,403.8468908,,,,161.5767622,2.418879433
13,7,418.073945,,,,189.7338899,2.214524669
13,8,432.2108478,,,,229.2894646,1.469454329
13,1,445.6362204,,,,20.39312146,2.167303404
13,2,463.0271055,,,,48.72702435,1.704969166
13,3,477.0348135,,,,74.32461126,2.72679395
13,4,493.8774698,,,,105.6054742,1.649867764
13,6,507.4260261,,,,143.75,2.489267103
13,6,522.9268142,,,,165.45314,2.029141102
13,7,536.1803197,,,,194.7245299,1.990146158
13,8,549.8032786,,,,228.9846104,2.532470257
13,1,564.3169314,,,,19.71523292,1.816304581
13,2,582.2285883,,,,48.67635007,1.191964129
13,3,599.2449615,,,,68.83125852,1.740427627
13,4,612.5180022,,,,99.32020976,2.072466382
13,5,624.6334004,,,,132.441588,2.677726162
13,6,637.5657786,,,,161.7009897,2.277906645
13,7,651.4264797,,,,192.4267161,2.144970592
13,8,665.6496886,,,,229.9833789,2.477278028
13,1,679.4099372,,,,21.74386143,2.63714767
13,2,695.3105263,,,,52.71065591,2.120172932
13,3,709.7363756,,,,76.9755805,2.241298533
13,4,724.6415414,,,,108.60754,1.776725553
13,5,740.2773425,,,,133.3870312,2.507710882
13,6,756.1556136,,,,165.2167833,2.419921014
13,7,773.3917191,,,,192.5751939,2.337036432
13,8,791.2387251,,,,229.5893627,1.189936679
13,1,805.5076993,,,,11.94981501,2.143494783
13,2,818.5049133,,,,47.14887842,1.825110542
13,3,832.8611605,,,,77.42838517,2.196962343
13,4,846.2886166,,,,104.4902876,2.423476752
13,5,860.987857,,,,132.113124,1.843505077
13,6,875.0876027,,,,163.6215719,2.250662616
13,7,891.0362859,,,,192.8385984,2.181591131
13,8,905.7892395,,,,228.9080615,1.948187254
13,1,919.474773,,,,23.13568821,1.987461624
13,2,934.0015684,,,,51.30245152,2.090318926
13,3,946.6576096,,,,76.47711449,2.727191599
13,4,961.9925039,,,,110.1764748,2.030103326
13,5,979.7838832,,,,137.6110718,1.706778526
13,6,991.5004416,,,,163.6834149,2.489148576
13,7,1005.733283,,,,194.602096,2.211255164
14,4,7.271340077,,,,107.9655968,1.94743201
14,5,22.90168882,,,,132.941759,1.729380672
14,6,39.1656067,,,,155.4454444,2.213638384
14,7,52.5845195,,,,185.6853817,1.976016091
14,8,65.10371281,,,,229.6639864,2.517533169
14,1,79.07112491,,,,18.05557583,2.17882891
14,2,95.27140863,,,,51.49793371,2.201048566
14,3,110.999019,,,,78.34521315,2.065571194
14,4,124.0042825,,,,106.2165084,2.154800685
14,5,138.7632571,,,,136.7117006,2.245256475
14,6,152.3090243,,,,159.5657053,2.497660245
14,7,165.7298722,,,,197.0661404,2.896384915
14,8,180.4812037,,,,227.5284119,2.014589511
14,2,195.3790548,,,,28.75,2.452262763
14,3,210.1702282,,,,57.5,2.178866903
14,4,226.7408474,,,,86.25,2.414707537
14,4,243.0631747,,,,108.5894367,1.20544993
14,6,259.8198263,,,,143.75,2.065897324
14,7,275.9419598,,,,172.5,2.679875843
14,7,293.557879,,,,198.2722275,1.70998741
14,8,308.3919828,,,,229.3813479,1.939025253
14,1,325.8014189,,,,20.8227021,1.336442452
14,2,337.8284264,,,,44.38271301,2.668069466
14,3,351.685198,,,,78.60517596,2.030186107
14,4,368.773409,,,,101.121464,1.656648927
14,5,386.6365841,,,,130.7550291,1.183647706
14,6,399.3310651,,,,150.6680823,2.396522235
14,7,412.8736822,,,,185.557834,2.797689517
14,8,427.4316618,,,,228.2168996,1.95934034
14,1,441.7803327,,,,20.31175108,2.023029531
14,2,457.8815722,,,,48.60361729,1.877079755
14,3,472.6614032,,,,77.59833484,2.633437136
14,5,488.1833615,,,,115,2.052891549
14,5,504.8096463,,,,137.6189488,1.781448723
14,6,519.4539852,,,,164.2347163,2.066102261
14,8,532.9014298,,,,201.25,2.511117757
14,8,546.9347062,,,,229.8034591,1.721637095
14,1,559.3426737,,,,21.43809285,2.71345277
14,2,574.8259747,,,,48.0466704,2.950056619
14,3,589.2366502,,,,80.47458506,2.4724326
14,4,604.9522389,,,,109.927653,2.491027571
14,5,620.4102605,,,,134.5787118,2.018776001
14,6,632.8250179,,,,162.7402138,2.533976746
14,7,647.3130043,,,,194.7216593,2.738241272
14,8,662.9148021,,,,229.3064221,2.285668633
14,1,676.7532264,,,,19.83389711,2.587682457
14,2,693.051586,,,,51.5161184,2.521467477
14,3,705.5984085,,,,75.71501367,2.617169088
14,5,721.0436531,,,,115,1.878623412
14,6,736.1449009,,,,143.75,2.107522622
14,6,753.1459217,,,,166.4020853,1.164170582
14,7,769.679836,,,,195.3179065,2.734975274
14,8,783.0637026,,,,226.0452082,2.589230931
14,1,797.6699452,,,,22.33284936,1.619904828
14,2,812.8334094,,,,49.66352756,2.335294107
14,3,828.8457913,,,,78.42705083,1.697009992
14,4,841.9519906,,,,107.2419068,2.274762136
14,6,854.6754925,,,,143.75,2.35749992
14,6,871.1427964,,,,168.359675,1.712224839
14,7,887.1806589,,,,197.2041431,2.510425156
14,8,903.3690115,,,,228.3963556,2.276348258
14,1,916.6499074,,,,22.67743243,2.116249983
14,2,931.0366866,,,,46.88945754,2.431631048
14,3,943.0741117,,,,77.57222475,3.038486536
14,4,959.616504,,,,108.5159743,1.884533894
14,5,976.1870906,,,,135.4075251,1.879607784
14,6,987.9584332,,,,161.0070407,2.336999597
14,7,1002.726889,,,,196.4355083,2.050289165
15,4,3.659196949,,,,107.3333333,2.095177377
15,5,16.6519133,,,,136.1425044,2.633899708
15,6,31.46129704,,,,164.7563337,2.267039847
15,7,44.7077525,,,,195.3537531,1.849427657
15,8,60.16985384,,,,225.3051915,2.423519721
15,1,74.162789,,,,21.08427606,2.481464709
15,2,92.54449638,,,,50.7303064,1.938194085
15,3,107.1720936,,,,79.22503873,2.071161077
15,4,119.9280393,,,,110.8406151,2.008299166
15,5,135.6285152,,,,130.9680373,2.321932222
15,6,147.1304598,,,,166.3098222,1.903663692
15,7,164.2853613,,,,186.9946096,1.715236199
15,8,174.4984816,,,,226.4736305,3.539736616
15,1,187.776229,,,,20.62039451,2.835876475
15,3,206.2491593,,,,57.5,3.185446681
15,4,223.1119742,,,,86.25,2.804607945
15,4,237.7451909,,,,108.8054941,2.152617147
15,6,257.5640404,,,,143.75,3.379779836
15,7,273.7323872,,,,172.5,2.464832375
15,8,291.8164788,,,,201.25,1.943391214
15,8,305.7882983,,,,229.409047,1.842376377
15,1,319.8697771,,,,18.61727418,1.987480075
15,2,332.91203,,,,48.99666864,2.937052195
15,3,347.91962,,,,78.39303904,2.54542011
15,5,360.3959334,,,,115,2.809506729
15,5,375.6578353,,,,135.7497973,1.579034379
15,7,390.221232,,,,172.5,2.334307834
15,7,407.2647089,,,,194.9150396,2.061971559
15,8,422.2277799,,,,229.4791852,2.213120785
15,2,437.6092375,,,,28.75,2.537368111
15,2,453.1420918,,,,51.56199544,1.831451187
15,3,469.3760902,,,,78.32714167,1.886168464
15,5,485.8463024,,,,115,2.61420291
15,5,501.3680366,,,,134.1139185,2.484597309
15,6,515.4535619,,,,165.0962306,2.908921733
15,7,529.265721,,,,191.1645013,2.088092922
15,8,542.5243809,,,,228.9195392,1.982310696
15,1,556.6479862,,,,24.55069157,1.613635853
15,2,571.6215177,,,,49.1044881,2.158217636
15,3,586.9007261,,,,78.68939222,2.507771963
15,4,602.915992,,,,109.2969282,1.748807014
15,5,615.8672661,,,,135.4248785,2.07100277
15,6,628.973449,,,,167.1621288,2.047315598
15,7,644.9288679,,,,189.1653222,2.1002546
15,8,659.0348463,,,,228.2903663,2.173708321
15,1,673.3076325,,,,14.83951379,2.463759987
15,2,690.6784117,,,,46.60511852,1.596629473
15,3,701.573072,,,,74.01753785,3.343239122
15,5,716.9454407,,,,115,2.462143048
15,6,732.328457,,,,143.75,2.699121797
15,6,747.907931,,,,165.8334103,2.21091336
15,7,767.5108609,,,,191.4077555,1.327461006
15,8,780.7560169,,,,228.9340192,2.744552227
15,1,793.7085084,,,,23.08735488,1.725027845
15,2,809.477741,,,,50.52994029,1.987049897
15,3,824.2359486,,,,76.05838399,1.690300152
15,4,838.5414832,,,,105.2265392,2.423393133
15,5,851.2251991,,,,138.465124,2.645150013
15,6,868.7246998,,,,166.4510611,2.278280878
15,7,885.5690367,,,,189.3338297,1.668231562
15,8,901.2876534,,,,229.891434,1.577053967
15,1,913.780413,,,,15.14077889,2.381808222
15,2,926.6731371,,,,47.86448861,1.960797063
15,3,940.2181585,,,,79.88632539,1.89299018
15,4,956.1758518,,,,104.2629861,1.800467964
15,5,971.748678,,,,131.594049,1.372937897
15,6,983.0406064,,,,157.3696627,2.852203419
15,7,1000.378688,,,,196.2079695,2.358156904
16,5,13.76361214,,,,131.1858452,2.796341956
16,6,28.04553603,,,,163.6520268,2.067298225
16,7,41.51960571,,,,193.4729662,1.865138654
16,8,57.90421387,,,,229.379874,1.832948819
16,1,71.07359579,,,,22.55090407,3.042196481
16,2,89.05171222,,,,47.48534443,2.346174232
16,3,103.780295,,,,70.80910859,1.882365564
16,4,117.856941,,,,93.07116748,2.293271701
16,5,130.1236333,,,,124.2861215,2.444433357
16,6,143.8787417,,,,155.1778037,2.093191867
16,7,155.974325,,,,186.9062505,2.27353525
16,8,168.2725911,,,,228.0303314,2.517102446
16,1,184.9095296,,,,22.5550416,2.560700364
16,3,204.1714932,,,,57.5,2.349753911
16,4,220.5101922,,,,86.25,1.51040899
16,5,234.8675282,,,,115,2.380408546
16,6,255.4405986,,,,143.75,2.093199753
16,7,271.534945,,,,172.5,2.17991614
16,8,288.2810771,,,,201.25,1.942393186
16,1,301.6811476,,,,0,2.012886796
16,1,314.7714991,,,,24.24983039,2.328038867
16,2,330.0168376,,,,53.36549504,2.349886905
16,3,344.832915,,,,79.62101334,1.728105521
16,4,357.1921398,,,,108.8955406,2.073751166
16,5,370.5913194,,,,137.0475299,3.516167305
16,6,388.0707433,,,,167.3031251,1.835883483
16,7,404.1924258,,,,196.2468279,1.658413665
16,8,419.6773637,,,,228.3337855,1.788630556
16,2,434.1843403,,,,28.75,2.610040571
16,3,449.8998516,,,,57.5,2.10884246
16,3,465.1755862,,,,79.45996017,2.534750497
16,5,483.8093884,,,,115,2.582473721
16,6,497.4897093,,,,143.75,2.126808025
16,6,512.9083681,,,,167.2666111,2.322999375
16,7,524.4357163,,,,195.4097101,2.389153258
16,8,539.6265924,,,,229.9706072,2.655853981
16,1,554.045597,,,,24.11914899,2.027778828
16,2,567.7314967,,,,50.01851639,2.120360794
16,3,583.8858556,,,,80.62881721,2.095947299
16,4,599.6548707,,,,105.2332177,1.884915972
16,5,611.8474156,,,,139.1875638,2.045330078
16,6,626.3661953,,,,166.4063654,1.375065274
16,7,639.174957,,,,190.740095,2.604825838
16,8,651.4357355,,,,229.9808363,2.070467209
16,1,667.661593,,,,22.14001451,2.004242412
16,2,683.8547362,,,,46.42104334,1.974356705
16,3,697.9142065,,,,77.36755639,2.481178311
16,4,713.5435737,,,,106.7985988,1.700651732
16,6,729.8647482,,,,143.75,1.7162858
16,6,744.8926207,,,,167.4427435,2.07781176
16,7,760.0965229,,,,196.8304492,2.223235714
16,8,777.5498332,,,,226.8112992,2.553547856
16,1,790.4258685,,,,22.7150636,2.155405649
16,2,805.9699984,,,,46.38507183,2.975536394
16,4,818.2064774,,,,86.25,2.643260162
16,4,834.5085177,,,,110.7952715,2.696247186
16,5,849.2272497,,,,138.3507468,1.967343136
16,6,866.0696545,,,,161.6629471,2.289642885
16,7,878.4260414,,,,192.9835638,2.641213124
16,8,892.6045631,,,,227.2666846,1.742877707
16,1,908.066594,,,,21.30036304,2.625104478
16,2,921.7590582,,,,49.40987433,1.901501738
16,3,936.8564535,,,,80.05683984,2.483552444
16,4,950.2123945,,,,106.0740816,2.710771895
16,5,962.894708,,,,133.8486318,2.766446443
16,7,977.7358174,,,,172.5,2.140015221
16,7,998.2405647,,,,192.3405423,0.994847486
17,5,9.270544049,,,,136.254553,2.33182906
17,6,23.76556658,,,,165.3189123,2.248259889
17,7,37.3499244,,,,193.4684789,2.531570323
17,8,52.91337804,,,,229.6663299,1.79706229
17,1,69.03589179,,,,16.4299866,2.121468048
17,2,84.78320759,,,,43.26619646,1.656561248
17,3,95.57737642,,,,71.45161121,2.601892514
17,4,108.2946931,,,,106.1580113,2.316252437
17,5,122.1611014,,,,139.1094459,2.278462902
17,7,135.6032479,,,,172.5,2.621534725
17,7,149.6653181,,,,196.4791544,2.1693895
17,1,164.0544958,,,,0,2.364818955
17,1,182.4902858,,,,22.99467292,1.778571556
17,3,200.1302977,,,,57.5,2.677197768
17,4,218.6680433,,,,86.25,1.335001179
17,4,232.1551481,,,,108.6099371,2.67879045
17,5,249.8944209,,,,136.2184227,1.266251188
17,6,267.4707332,,,,163.3775067,1.696512702
17,7,282.2706579,,,,189.4236987,2.634652086
17,8,297.8815256,,,,225.7461501,2.797081975
17,1,312.8384689,,,,23.89516564,2.183836617
17,2,328.2573891,,,,52.00900285,1.710027953
17,3,340.9969301,,,,75.35503131,2.685774206
17,4,354.24846,,,,107.5303706,2.158764791
17,5,368.6851331,,,,138.1400311,1.973396887
17,6,385.2400218,,,,167.2953469,1.492828558
17,8,401.1755837,,,,201.25,2.920753426
17,8,417.3896469,,,,229.8388624,2.690276
17,1,431.7115967,,,,21.67117511,2.216819845
17,2,446.5273516,,,,51.78815837,2.117744021
17,3,462.4968058,,,,80.51643904,2.703394066
17,5,481.0028054,,,,115,2.713881308
17,5,495.2974737,,,,137.1314647,1.71827846
17,6,510.6555096,,,,167.0882441,1.675734177
17,7,521.9912142,,,,195.3518782,2.28400538
17,8,538.0106903,,,,228.612318,1.748986862
17,1,551.7618909,,,,21.64317259,1.914441867
17,2,564.2030954,,,,49.596028,2.332419072
17,3,581.2039261,,,,76.79982681,1.741226984
17,4,594.4733229,,,,104.3549977,2.818428161
17,5,609.6167555,,,,136.51495,1.890376025
17,6,621.9346714,,,,164.1060534,2.27795944
17,7,635.1401748,,,,196.0568334,2.065033934
17,8,647.5566094,,,,229.5026065,2.789296492
17,1,664.363596,,,,20.65286747,2.374850512
17,2,678.2433101,,,,52.24911585,2.457975069
17,3,694.3342769,,,,78.75443713,2.010117006
17,5,708.7210689,,,,115,2.073905219
17,6,727.787092,,,,143.75,2.066239831
17,6,742.4586868,,,,165.7092286,1.9557176
17,7,758.1086317,,,,193.1106712,1.520511998
17,8,774.6641334,,,,229.3329307,1.94507251
17,1,787.6259611,,,,20.08044715,2.329013699
17,2,802.2345616,,,,52.05755814,1.310789976
17,3,814.5179927,,,,77.26021998,2.476545024
17,4,832.9490433,,,,105.4851319,2.062970554
17,5,846.4828107,,,,136.6725333,2.14056235
17,6,861.3365789,,,,166.3093598,2.373054779
17,7,875.2962537,,,,196.9831129,2.817392604
17,8,889.3968734,,,,227.6892807,2.417691032
17,1,905.22875,,,,17.77698755,2.258794388
17,2,917.5044601,,,,46.36384602,2.53580663
17,3,934.3627835,,,,78.93767164,1.549752678
17,4,946.9196355,,,,110.1732517,2.012505343
17,5,959.3156154,,,,137.2546501,2.684661636
17,6,974.5071793,,,,165.6654046,2.269714108
17,7,989.2849631,,,,192.3969528,2.213570242
17,1,1003.291954,,,,0,1.847157666
18,5,6.05613731,,,,134.7459513,2.205946241
18,6,20.57150181,,,,167.4807182,1.969419487
18,7,34.2761322,,,,193.214969,2.50644494
18,8,50.40603598,,,,228.9512098,1.930021749
18,1,63.22858614,,,,16.24673436,2.407388285
18,2,76.19082771,,,,51.69020142,2.233432351
18,4,89.88982833,,,,86.25,1.784163418
18,4,104.4773247,,,,110.4492424,2.496943732
18,5,120.1243976,,,,136.1291939,2.324315677
18,6,133.3382494,,,,161.3436411,2.621522586
18,7,147.4661531,,,,194.5808907,1.785550894
18,8,160.9251593,,,,225.2679243,2.621054035
18,1,179.2543592,,,,23.1980808,2.513034885
18,3,197.5350741,,,,57.5,2.02489949
18,3,212.4416439,,,,82.08868408,1.832036299
18,4,229.7697197,,,,108.0748323,2.286384886
18,6,243.9464878,,,,143.75,2.701873456
18,6,262.0935302,,,,167.4674458,2.213372744
18,7,277.7819053,,,,196.6739785,2.487041872
18,8,295.9024204,,,,229.4226205,2.37781555
18,1,310.6153931,,,,24.50487056,1.669691462
18,2,325.0463321,,,,50.92437372,2.486727835
18,3,336.9403834,,,,81.39277383,2.344575373
18,4,350.7883195,,,,107.1161597,2.325655024
18,5,365.842335,,,,139.0486703,2.506078983
18,6,381.7535845,,,,167.4682351,2.234387665
18,8,398.8083446,,,,201.25,2.63209919
18,8,415.4524751,,,,229.9478011,1.681009301
18,1,428.5183625,,,,21.91531856,1.99664591
18,2,443.8302166,,,,51.4573113,1.943088277
18,3,460.3759308,,,,80.20065544,2.217945874
18,4,473.7123876,,,,110.396778,1.993986757
18,5,491.4456327,,,,136.6448864,2.177965272
18,6,507.4260261,,,,164.2634828,2.07086692
18,7,519.4088552,,,,195.1150336,2.356062345
18,8,535.4953178,,,,229.3459485,2.07566941
18,1,548.0496719,,,,22.34249106,2.089851927
18,2,560.8143511,,,,48.88554441,2.47611606
18,3,575.7766192,,,,79.15693987,1.890196284
18,4,590.6963941,,,,104.0257672,2.21386061
18,5,605.7894482,,,,133.0805088,2.145412188
18,6,618.249818,,,,162.3798509,2.482296178
18,7,632.6253655,,,,193.3303548,3.023686463
18,8,646.0479959,,,,228.5975191,2.058638619
18,1,660.9540624,,,,20.83764545,1.62001299
18,2,676.1070459,,,,46.14358826,1.998854466
18,3,690.6053583,,,,81.03291032,1.905288542
18,5,705.1411736,,,,115,2.62808655
18,5,724.059313,,,,137.7684417,1.983498945
18,6,738.986421,,,,166.0078341,2.284750993
18,7,752.7556132,,,,195.2364694,1.949144092
18,8,770.1671732,,,,229.6797712,1.397821987
18,1,783.9035472,,,,16.22171569,2.127847289
18,2,798.0825296,,,,48.9603462,2.251819282
18,4,810.8880244,,,,86.25,2.389414826
18,4,828.3368262,,,,110.4433675,2.109206093
18,5,843.1764521,,,,135.7769022,2.413369335
18,6,858.7278569,,,,162.0064895,2.589478466
18,7,873.7817729,,,,187.8959378,1.790767435
18,8,887.6793465,,,,229.8220082,2.210349152
18,1,900.3708433,,,,13.04339115,2.538462417
18,2,913.1128974,,,,49.60897662,2.42186085
18,3,929.6443994,,,,75.59417582,1.939744708
18,4,944.5212576,,,,104.4317244,1.780840861
18,5,956.8961858,,,,134.0108818,2.278129161
18,7,971.4959651,,,,172.5,1.947393542
18,7,985.2855205,,,,194.4861781,2.269605821
18,1,1000.479315,,,,0,2.948483245
19,5,1.974420134,,,,138,2.91224745
19,6,18.02289199,,,,162.3775369,1.98152624
19,7,31.07038412,,,,196.4268069,2.295926038
19,8,46.86802249,,,,229.9846315,1.869384986
19,1,58.03488069,,,,21.21074234,2.767295903
19,2,73.58954069,,,,51.23821391,1.959944258
19,3,87.40710524,,,,79.61148155,2.626730039
19,4,102.6547936,,,,109.1972238,1.561667875
19,5,116.8456665,,,,136.5432807,2.324449574
19,6,129.0825703,,,,167.8359019,2.083482392
19,7,143.7311101,,,,195.6755388,2.606105782
19,8,157.0526402,,,,227.2941651,2.509317212
19,1,177.0451104,,,,19.17731753,1.287113847
19,3,195.3790548,,,,57.5,1.929230912
19,4,210.1702282,,,,86.25,2.480255842
19,4,226.7408474,,,,108.0455791,1.916413328
19,5,240.8386717,,,,136.2941179,1.933466478
19,6,259.8198263,,,,167.0175221,2.43040701
19,7,275.9419598,,,,196.1792227,2.29491321
19,8,293.4938575,,,,229.8504037,2.472627563
19,1,308.0729296,,,,22.96361346,2.220931535
19,2,322.4020434,,,,46.34725628,2.254440396
19,3,334.8686964,,,,79.27336083,2.038113086
19,4,347.3983755,,,,107.5452605,2.30928242
19,5,363.9663647,,,,136.9864786,1.894314987
19,6,379.5016186,,,,164.6586405,1.930867454
19,8,395.3753402,,,,201.25,1.369915081
19,8,410.4859457,,,,228.5164767,2.161153401
19,1,425.0952811,,,,20.41251851,2.092032194
19,3,440.7203791,,,,57.5,1.885830756
19,3,457.6484771,,,,77.7602958,1.538128673
19,4,471.4038356,,,,105.4253729,2.325053089
19,5,488.1833615,,,,138.3416098,2.314186389
19,6,503.448698,,,,166.7279701,1.769624263
19,7,516.8049486,,,,194.0372142,1.786575928
19,8,532.9014298,,,,227.2619532,1.956225713
19,1,544.9836609,,,,17.30020213,2.619283562
19,2,557.3353318,,,,50.89503304,2.089931887
19,3,572.0240671,,,,79.44377102,2.120270698
19,4,585.7393373,,,,107.4133748,2.487684508
19,5,600.8162821,,,,134.1527795,2.542415443
19,7,614.1728875,,,,172.5,2.291331257
19,7,630.0061636,,,,192.1081894,2.042412327
19,8,641.7454369,,,,226.1379048,2.049466857
19,1,656.0699321,,,,23.08815643,2.639650086
19,2,670.4255859,,,,52.56383957,2.347731746
19,4,687.8671433,,,,86.25,1.914845006
19,5,702.848907,,,,115,2.819859112
19,5,721.0436531,,,,134.7965786,2.184713851
19,6,736.1449009,,,,162.476533,2.62638921
19,7,749.6703972,,,,194.8606321,2.383514047
19,8,764.4361809,,,,229.2172295,2.010905854
19,1,778.015773,,,,21.28186252,2.021369454
19,2,794.2901943,,,,51.40339302,1.135782362
19,3,807.9861256,,,,78.49565028,2.514302686
19,4,826.1764719,,,,104.708361,1.988702446
19,5,839.8727316,,,,137.353835,1.829571821
19,6,854.6754925,,,,163.1580211,1.736105576
19,7,866.3246001,,,,189.1187138,2.952539468
19,8,879.7057224,,,,227.2166155,2.175061226
19,1,894.1833934,,,,22.34470536,2.031284948
19,2,909.8546493,,,,47.07950188,1.99258685
19,3,924.1509836,,,,76.16023077,2.167248924
19,4,938.5868275,,,,107.3253922,1.965560543
19,6,952.6211348,,,,143.75,3.142472058
19,6,967.5573916,,,,165.5710872,1.60786685
19,7,982.3053458,,,,194.6462909,3.103844319
19,8,995.1593881,,,,229.5416389,2.533478221
20,6,12.91447461,,,,160.646846,2.380062975
20,7,28.96962257,,,,186.5337567,1.825122177
20,8,40.83212717,,,,229.5656493,3.222446025
20,1,55.31046743,,,,21.65042896,1.744266567
20,2,70.39466101,,,,52.79785162,1.394481371
20,3,84.87981148,,,,80.28326126,1.434244207
20,4,98.939038,,,,108.0178451,2.673745925
20,5,113.7452683,,,,138.2204515,2.748461543
20,6,126.8439634,,,,166.6294262,2.208677459
20,7,141.5921098,,,,192.2384206,2.029875131
20,8,154.8887204,,,,229.9669279,2.013595942
20,1,169.6077866,,,,23.40341571,2.524701107
20,2,182.9783463,,,,53.1014675,2.236311328
20,4,206.2491593,,,,86.25,2.587422878
20,4,223.1119742,,,,109.11833,2.260631306
20,5,236.9824465,,,,138.2952043,2.579199329
20,6,257.5640404,,,,167.7738539,2.225700854
20,7,273.7323872,,,,196.2322732,2.28343973
20,8,291.8164788,,,,229.5276179,3.143464253
20,1,305.4675425,,,,19.65962634,2.400799171
20,2,317.4550314,,,,44.55556483,2.465523092
20,3,331.445609,,,,75.77654989,1.712327963
20,4,344.1702128,,,,102.7647892,2.367732187
20,6,360.3959334,,,,143.75,2.744791221
20,6,375.4405633,,,,160.9163172,2.098705104
20,7,390.221232,,,,191.6632182,2.348012692
20,8,405.8144546,,,,229.0261558,2.699594174
20,1,421.1099307,,,,23.67809562,2.145361489
20,2,437.6092375,,,,50.23235436,2.12200405
20,3,452.1289752,,,,81.44763593,2.154373212
20,4,467.2858105,,,,109.1118242,2.133684748
20,5,485.8463024,,,,138.4044004,2.624361878
20,6,500.1869718,,,,165.8206432,2.476346616
20,7,512.7677366,,,,194.332804,2.441185318
20,8,526.7596623,,,,228.3563526,2.031153587
20,1,540.6123137,,,,21.39228908,1.985440389
20,2,554.1749575,,,,52.9975322,1.845664524
20,3,568.8139916,,,,80.83612425,1.35101592
20,4,582.689664,,,,110.5968406,1.823839657
20,5,597.0414385,,,,139.4663687,1.912760667
20,7,610.997857,,,,172.5,2.20379183
20,8,625.5301768,,,,201.25,2.605618541
20,8,639.4601465,,,,229.3699644,2.209182301
20,1,653.9250101,,,,21.37315124,1.758378564
20,2,668.3230627,,,,51.32323848,2.304689929
20,4,682.8177293,,,,86.25,2.257323194
20,5,700.7211667,,,,115,1.659933179
20,5,716.9454407,,,,134.3489998,1.706814
20,6,732.328457,,,,167.281994,2.11794751
20,7,746.9897468,,,,194.4499605,2.295547181
20,8,761.169287,,,,228.6571417,2.239917678
20,1,774.32118,,,,21.82428666,2.50446842
20,2,788.9224344,,,,51.7029261,1.57198053
20,4,804.9020301,,,,86.25,2.462862072
20,4,821.0014197,,,,105.7397774,3.313207166
20,5,836.3767414,,,,136.4842795,1.859925522
20,6,849.2944955,,,,165.9589605,2.64931742
20,7,862.2158367,,,,195.1731265,2.341158709
20,8,876.2790665,,,,229.2683391,2.322648446
20,1,891.0300719,,,,22.30652864,2.488832781
20,2,904.6250162,,,,53.17080038,2.20822791
20,3,919.4954182,,,,77.3909199,2.060219955
20,4,934.6822885,,,,109.0097327,1.893276301
20,6,948.371373,,,,143.75,3.119092316
20,6,963.2480094,,,,167.7412559,2.861891804
20,7,980.1777555,,,,195.4766831,2.364235622
20,8,992.7544548,,,,227.4191169,2.412057693
21,6,7.93428958,,,,164.2625801,2.526680415
21,7,20.9064674,,,,192.5000273,2.541522448
21,8,36.44036816,,,,229.9857688,1.830286005
21,1,51.2402346,,,,21.15029428,2.262116258
21,2,67.0226917,,,,53.15145451,2.381954356
21,3,80.71961427,,,,81.34549178,1.969434997
21,4,96.3276624,,,,109.4144593,1.717907784
21,5,111.7333979,,,,135.1040815,1.641791329
21,6,124.1860045,,,,165.241722,2.039470094
21,7,137.152635,,,,196.4767058,3.080762856
21,8,152.6826387,,,,229.3558202,1.724183547
21,1,167.4900768,,,,22.41724922,1.84328376
21,2,181.0114768,,,,52.48219339,2.028080819
21,4,204.1714932,,,,86.25,2.621345209
21,4,220.5101922,,,,110.0100418,2.708770343
21,6,234.8675282,,,,143.75,2.741027612
21,6,255.4405986,,,,164.2427196,0.930725566
21,7,271.534945,,,,185.6802394,1.966788445
21,8,288.2810771,,,,228.6154259,1.627369289
21,1,301.6811476,,,,5.224055446,2.138511528
21,2,312.2048534,,,,37.45678848,2.74265004
21,3,325.3291113,,,,74.23828689,1.868855567
21,4,339.0027319,,,,104.4228137,2.263086712
21,5,353.8831819,,,,133.4898118,2.485153271
21,6,369.9211205,,,,160.6946467,2.666060347
21,7,386.1382976,,,,193.7348514,1.972763358
21,8,403.7744522,,,,226.2872667,2.396067257
21,1,418.7458049,,,,19.65092176,2.311759903
21,2,434.1843403,,,,48.54747703,1.899610466
21,3,449.8998516,,,,79.740278,1.876995361
21,4,464.5261826,,,,106.8125315,2.46830372
21,5,483.8093884,,,,134.6598189,3.23887846
21,6,497.4897093,,,,163.7323515,2.179090084
21,7,509.9341967,,,,197.0644019,2.314703967
21,8,524.217785,,,,227.9854728,1.929110388
21,1,536.9064805,,,,21.72731573,1.891900516
21,2,551.7354742,,,,46.050506,2.117754461
21,3,564.8067289,,,,78.0381834,1.896742963
21,4,580.2754389,,,,106.039422,1.749733648
21,6,594.8019365,,,,143.75,2.477641704
21,7,609.0330701,,,,172.5,2.168886666
21,7,621.6903503,,,,194.2467133,2.742057534
21,8,635.917195,,,,228.7448628,1.674440715
21,1,649.7297538,,,,19.02231202,2.229574685
21,2,665.6429792,,,,50.11220531,1.511620924
21,4,679.1222744,,,,86.25,3.477443471
21,4,695.6711277,,,,109.0771261,2.686580603
21,5,711.4375176,,,,138.0833421,2.086053705
21,6,729.8647482,,,,168.2075117,2.06602438
21,7,744.0274729,,,,194.1458849,2.113156019
21,8,758.3864351,,,,229.4117878,2.117368481
21,1,771.5558374,,,,23.86784767,2.119371405
21,2,785.2346827,,,,53.43824452,2.525895916
21,4,801.4785469,,,,86.25,2.074541703
21,4,818.2064774,,,,106.8180663,1.862668022
21,5,832.4702837,,,,135.6372954,2.267695635
21,6,846.8255427,,,,168.0185995,2.376917349
21,7,859.6201675,,,,196.6941821,2.710503902
21,8,873.1491662,,,,229.6259744,2.293625726
21,1,888.4411188,,,,23.47374778,1.993070831
21,2,902.6645304,,,,51.52933729,2.398855744
21,3,915.195353,,,,81.23913643,2.563347854
21,4,931.5183197,,,,107.8233225,1.719697346
21,6,944.3732434,,,,143.75,2.785643411
21,6,961.5852128,,,,163.9802898,2.087196667
21,7,977.7358174,,,,194.8256805,1.908408498
21,8,990.8456105,,,,228.5124882,2.368901359
22,6,4.67411475,,,,163.5225733,2.711892862
22,7,17.46365982,,,,195.7647688,2.219197716
22,8,33.35810556,,,,229.337602,2.364051359
22,1,47.88067884,,,,20.59318939,1.949362147
22,2,65.19707087,,,,51.83688556,1.697006103
22,3,78.22930196,,,,81.79866743,2.126677431
22,4,93.07630005,,,,105.960507,2.836834522
22,5,106.4672484,,,,137.639198,2.211122991
22,6,120.6271007,,,,165.1334873,2.151092799
22,7,135.6032479,,,,196.9660444,1.662364005
22,8,148.1446607,,,,228.1541719,2.720423589
22,1,164.0544958,,,,18.5362326,1.945248886
22,2,178.5373118,,,,42.55022157,2.047239654
22,4,200.1302977,,,,86.25,2.252775827
22,4,218.6680433,,,,106.9348481,1.201167007
22,5,231.1843016,,,,135.5423398,2.854772802
22,7,246.5687242,,,,172.5,1.625035103
22,7,263.6186078,,,,189.195538,2.030163492
22,8,275.9251184,,,,227.9736977,2.344827865
22,1,290.6800638,,,,20.78885814,2.002687549
22,2,304.8968807,,,,46.10369162,2.273079452
22,3,318.9018018,,,,75.51597959,2.281258327
22,4,334.3289444,,,,106.2517796,1.778484128
22,5,349.7545882,,,,136.258723,1.833415306
22,6,365.4931062,,,,166.7207392,2.689611778
22,7,382.328845,,,,196.1761078,1.63029305
22,8,401.1755837,,,,228.7713736,1.94064573
22,1,414.8098087,,,,24.01744785,2.051653939
22,2,429.4715199,,,,47.75070108,2.49313522
22,3,446.4316907,,,,78.67086705,2.171472231
22,4,461.2091401,,,,109.6919409,2.564456427
22,5,481.0028054,,,,130.1551292,1.798360028
22,6,493.4661728,,,,160.5788112,2.200712192
22,7,508.1259317,,,,190.7940255,1.846161248
22,8,519.7338968,,,,229.7714397,2.516561343
22,1,533.1945072,,,,20.24802601,2.494110607
22,2,546.3290429,,,,48.42779769,2.583956038
22,3,560.4772985,,,,80.14686693,1.372816552
22,4,575.1543291,,,,108.9101406,2.229464204
22,5,588.2242364,,,,134.7580735,2.468816426
22,6,603.3084908,,,,168.0772231,2.423457836
22,7,619.1363241,,,,197.2299816,2.387661099
22,8,631.9615697,,,,228.9314589,2.084627343
22,1,645.3667298,,,,24.46239006,2.270361802
22,2,660.7556463,,,,51.8355553,2.259176084
22,3,676.2299349,,,,73.76766023,2.517953177
22,4,693.4665135,,,,107.024976,2.298742725
22,5,708.7210689,,,,136.4107238,2.050137122
22,6,727.787092,,,,163.8944036,2.032997019
22,7,740.6656221,,,,193.362057,2.236003589
22,8,754.7676435,,,,227.0716616,1.805697086
22,1,769.2522523,,,,22.27357796,1.686499263
22,2,783.6266372,,,,49.46750207,2.087717903
22,4,798.9933145,,,,86.25,2.799894712
22,4,813.8138892,,,,108.1889616,2.327871904
22,5,828.8927733,,,,135.685988,2.205319138
22,6,844.9401594,,,,163.0778586,1.747565741
22,7,857.9393664,,,,195.7343834,1.864328646
22,8,871.2585075,,,,229.7763645,1.932705437
22,1,885.7938209,,,,22.05911638,1.591341914
22,2,900.1755676,,,,50.93051204,2.209745606
22,3,913.2405408,,,,80.04509397,2.145935739
22,4,927.3450984,,,,109.8436562,2.441313708
22,5,940.2390228,,,,137.2050862,2.786823666
22,6,957.5033213,,,,165.8182312,2.396234562
22,7,974.3694944,,,,195.7573671,1.911458836
22,8,987.1123795,,,,229.6906786,2.486256845
22,1,1003.291954,,,,22.05411135,2.380642575
23,6,1.363723405,,,,168.6666667,2.810931688
23,7,14.9919417,,,,190.6538934,2.245389113
23,8,30.43410568,,,,227.8169478,2.484419685
23,1,43.69633032,,,,20.6267324,2.708665733
23,2,61.85995003,,,,49.01855495,1.536264513
23,3,76.13620946,,,,76.28617447,1.917940667
23,4,89.88982833,,,,106.0207986,2.133753789
23,5,103.7035839,,,,135.3969955,2.173542142
23,6,117.2025564,,,,162.2442727,2.159585822
23,7,133.0262217,,,,185.8460409,1.855597358
23,8,145.5712792,,,,226.452258,2.36245663
23,1,158.8038733,,,,13.82529801,1.974514159
23,3,171.2349042,,,,57.5,2.910790568
23,4,197.5350741,,,,86.25,1.71968754
23,4,211.9536132,,,,109.4699072,3.100896875
23,6,228.3092356,,,,143.75,2.232970983
23,7,243.9464878,,,,172.5,2.385004011
23,7,257.6809273,,,,190.2598205,2.521065089
23,8,271.5876207,,,,229.8900712,2.086895293
23,1,286.7048347,,,,22.04728732,1.800270156
23,2,299.8832819,,,,47.22564248,2.91671925
23,3,314.196495,,,,77.80843507,2.56955101
23,4,329.4100249,,,,109.2064225,2.313569399
23,6,345.6686197,,,,143.75,2.231857658
23,6,363.344372,,,,168.6924492,1.900881407
23,8,379.2165872,,,,201.25,2.451577886
23,8,398.8083446,,,,228.3677053,1.811131614
23,1,412.5031077,,,,21.50044149,2.127445339
23,2,425.5610626,,,,53.0526643,2.961912487
23,3,442.9413707,,,,80.88749012,2.414466533
23,4,459.1392827,,,,105.8391466,2.475654648
23,5,473.4432119,,,,127.3218948,2.505129208
23,6,488.0492042,,,,156.3304425,2.145158943
23,7,502.4623016,,,,191.3059078,1.883318111
23,8,515.7728977,,,,229.378301,1.946849958
23,1,529.7856872,,,,19.12216808,1.845550696
23,2,542.818069,,,,50.89974044,2.215764198
23,3,556.0315967,,,,81.88382941,2.125835354
23,4,572.4227942,,,,108.1975419,1.609115855
23,5,584.582035,,,,137.9720772,2.228939215
23,6,601.4835047,,,,168.4794168,2.204423772
23,7,617.4526604,,,,194.9433775,1.92288389
23,8,629.4045949,,,,229.0783603,2.137651477
23,1,643.4782158,,,,20.60781988,2.129086031
23,2,658.2483408,,,,46.83254942,2.282344152
23,3,671.272599,,,,76.63128745,3.170403377
23,4,689.9972153,,,,110.1332927,2.284761858
23,6,705.1411736,,,,143.75,2.046684083
23,6,723.5541314,,,,161.9689974,1.575701354
23,7,737.1379252,,,,187.5206421,2.330733547
23,8,751.1420016,,,,227.9888681,1.858093151
23,1,765.4120952,,,,17.38632829,2.346740885
23,2,779.7791357,,,,50.37595903,2.048294223
23,4,796.5395251,,,,86.25,1.763234765
23,4,810.8880244,,,,109.6170266,1.26838829
23,5,825.2361542,,,,137.3152003,2.366482698
23,6,839.5485789,,,,167.9285552,2.475591588
23,7,854.9808662,,,,194.3649696,1.861243592
23,8,867.9625165,,,,227.8816953,2.807129348
23,1,881.5892665,,,,19.13740562,2.214006932
23,2,897.2026064,,,,46.0350041,2.518685749
23,3,910.3490721,,,,75.50307653,2.457458538
23,4,925.2329799,,,,109.0164067,2.257271153
23,5,937.8905018,,,,137.0945511,2.530181569
23,6,954.7148761,,,,167.9333841,2.181079349
23,7,971.4959651,,,,190.6375523,1.63264874
23,8,983.8607169,,,,228.1137793,2.299959123
23,1,1000.479315,,,,12.81694857,1.552681156
24,7,10.2728903,,,,194.0528539,2.325585239
24,8,26.68078726,,,,227.0814284,2.581632551
24,1,40.69733805,,,,23.95849801,1.96380804
24,2,56.33912664,,,,53.0628808,1.778652326
24,3,70.94114493,,,,80.50588622,2.748312414
24,4,85.68165707,,,,110.6563575,2.285620155
24,5,99.86054618,,,,139.1863363,1.784689895
24,6,112.4536239,,,,167.0317396,2.557755828
24,7,124.7248739,,,,195.7313249,2.453582855
24,8,137.1279093,,,,227.3423978,2.157973496
24,1,151.2452028,,,,20.54455013,2.030651588
24,3,169.980133,,,,57.5,1.964830481
24,4,195.3790548,,,,86.25,2.030265887
24,4,210.1702282,,,,110.128677,1.242345677
24,6,223.3628481,,,,143.75,2.131119744
24,6,239.4280155,,,,167.9144136,1.630882615
24,7,253.3215875,,,,193.6276274,2.45217634
24,8,269.0188053,,,,229.5552683,2.056688346
24,1,282.9816642,,,,24.72158574,2.847846353
24,2,296.3607086,,,,49.96319399,2.574615491
24,3,310.9112654,,,,75.40730236,2.47209714
24,4,326.9058521,,,,108.3835607,1.443294827
24,6,342.7586425,,,,143.75,2.136497237
24,7,361.3413271,,,,172.5,2.053346497
24,8,377.4413843,,,,201.25,2.179934899
24,8,395.3753402,,,,229.2958783,1.581822323
24,2,409.0954721,,,,28.75,2.12416857
24,2,424.0595544,,,,47.40309837,1.649368559
24,3,440.7203791,,,,70.95246399,1.701036359
24,4,455.4389065,,,,97.57813544,2.103337192
24,5,466.8854243,,,,129.5139739,2.803375815
24,6,480.5115075,,,,162.9624777,2.769150984
24,7,497.1822099,,,,190.1002712,1.856211202
24,8,511.0606277,,,,229.4360791,2.36551857
24,1,524.5689073,,,,22.54227844,2.239832667
24,2,539.8392955,,,,51.49457925,1.288970924
24,3,553.9777355,,,,78.82269798,2.233878669
24,4,568.1953434,,,,109.4690146,2.314439898
24,5,581.9898052,,,,136.5803734,2.179789843
24,6,599.6596343,,,,166.2577335,2.005222812
24,7,614.1728875,,,,193.5128851,2.436863221
24,8,627.3629223,,,,227.3615531,2.647110828
24,1,639.6539551,,,,23.60931054,2.195806346
24,2,653.5744398,,,,49.67844502,2.945938277
24,3,668.2386909,,,,78.89655987,2.849445313
24,4,687.8671433,,,,107.2373805,1.537330792
24,6,702.848907,,,,143.75,2.238037633
24,6,716.8707566,,,,164.3992958,3.285681581
24,7,731.2473514,,,,196.5453402,2.052961223
24,8,747.9818698,,,,229.8756974,1.681155347
24,1,760.5697747,,,,21.3925326,1.993528692
24,3,776.3010997,,,,57.5,1.927094293
24,3,790.8936333,,,,75.99776996,1.915789555
24,4,806.6440768,,,,110.7591733,2.434393208
24,5,822.5170134,,,,138.7096201,1.89114144
24,6,837.7019719,,,,164.1207064,2.105803994
24,7,851.2817102,,,,190.8361391,2.238012487
24,8,865.6135832,,,,228.3655359,2.184242317
24,1,877.2475482,,,,13.15056947,2.872453805
24,2,892.6506308,,,,47.39339493,2.000590568
24,3,905.975886,,,,74.80842949,2.59836847
24,4,922.5821715,,,,103.483678,2.31630013
24,5,935.2600783,,,,134.6031639,2.974223711
24,6,952.6211348,,,,163.8672405,2.031351364
24,7,964.9958236,,,,185.9751504,2.46428972
24,8,978.0521336,,,,229.2887894,2.248416249
24,1,990.2176773,,,,24.03725425,2.099180371
24,3,1005.901519,,,,57.5,2.718352091
25,7,7.178122587,,,,191.5319053,2.765596468
25,8,24.86685787,,,,229.9717901,1.545078831
25,1,38.25743461,,,,11.55681346,2.514656319
25,2,53.8444743,,,,45.66707635,1.745719644
25,3,68.85109369,,,,72.48526767,2.022020222
25,4,83.78123523,,,,104.5349878,2.070207275
25,5,97.3034276,,,,130.9150584,2.249950656
25,6,110.3157105,,,,164.2542131,2.012568597
25,7,122.4756427,,,,192.8750661,2.031777581
25,8,134.7037684,,,,228.6565985,2.498876615
25,1,147.2044063,,,,19.65479783,2.181285309
25,2,159.1197499,,,,52.80218303,3.031275343
25,3,177.2975816,,,,82.04703325,2.631708878
25,4,206.2491593,,,,110.9714813,1.938963478
25,5,219.7607123,,,,138.1069202,2.57297318
25,6,236.6162948,,,,167.845196,2.661764057
25,7,250.2131762,,,,196.3447596,2.635926204
25,8,267.0277736,,,,229.0366517,1.572820074
25,1,281.5671166,,,,18.85672198,1.855558547
25,2,293.4333565,,,,50.06217989,2.658830928
25,3,306.5252332,,,,80.51953956,2.782485722
25,4,322.3215917,,,,107.4435058,1.958923827
25,6,341.0208167,,,,143.75,2.14894455
25,7,360.3959334,,,,172.5,2.504380485
25,7,375.3421762,,,,186.3168916,1.856483199
25,8,388.745998,,,,229.8670141,2.520473961
25,2,405.4537173,,,,28.75,2.391024169
25,3,417.9378774,,,,57.5,2.625354058
25,3,431.7273109,,,,81.05662416,2.364310882
25,4,447.1559433,,,,108.0657934,2.39042586
25,5,461.8072518,,,,139.1533675,2.318425552
25,6,477.067303,,,,165.6662929,2.751824795
25,7,491.1754965,,,,195.1702823,2.124299875
25,8,508.0166441,,,,228.8070411,2.019848641
25,1,521.797396,,,,16.33273612,2.411978026
25,2,535.1802139,,,,49.08028805,1.804644367
25,3,550.6528898,,,,79.08106414,1.87064054
25,4,565.8055706,,,,110.8676444,3.004683993
25,5,578.7006685,,,,135.9776434,3.239057866
25,6,596.5466304,,,,167.1870598,3.045199076
25,7,610.997857,,,,196.7827431,2.273659641
25,8,625.5301768,,,,229.6866874,2.358715479
25,1,637.3128153,,,,15.15160076,2.726774687
25,2,650.9194096,,,,46.74373293,2.469545089
25,3,665.6580342,,,,79.6700654,2.159707629
25,4,682.8177293,,,,108.5428865,1.747312232
25,6,700.7211667,,,,143.75,1.725421841
25,6,714.4053004,,,,164.5261324,1.983837301
25,7,728.9557057,,,,194.9542028,1.81828196
25,8,743.5002793,,,,228.8071526,2.112644617
25,2,756.8790992,,,,28.75,1.909467291
25,3,773.3834305,,,,57.5,2.04539799
25,3,785.5421948,,,,79.01313896,3.10574839
25,4,804.9020301,,,,110.0587124,1.443350901
25,5,819.8517554,,,,138.762698,2.647102122
25,6,833.7228296,,,,163.1061313,2.928042023
25,7,846.6285365,,,,194.7456058,2.018158812
25,8,859.8709376,,,,229.3255029,2.689702552
25,1,871.8168497,,,,21.08401927,2.619030662
25,2,887.59882,,,,48.31755765,2.306855864
25,3,901.5725188,,,,76.88303727,2.60023422
25,4,917.6103106,,,,106.0498551,2.175661914
25,5,932.1847091,,,,137.4330906,2.586845715
25,6,948.371373,,,,164.4110367,2.023186858
25,7,958.797344,,,,196.6709563,2.243583848
25,8,974.1269861,,,,227.6789028,2.218991056
25,1,987.9726365,,,,20.969463,2.45580864
25,2,1003.065317,,,,49.90906755,1.606719751
26,7,3.664198985,,,,193.7727948,2.636761391
26,8,18.35587567,,,,229.7967985,2.018725857
26,1,31.42024322,,,,22.17743532,2.755310824
26,2,47.0662246,,,,48.36955627,2.7429294
26,3,62.04367792,,,,76.32749524,2.186179596
26,4,78.72617994,,,,109.5139702,2.875483336
26,5,91.59888399,,,,136.0325047,3.184166064
26,6,106.2185647,,,,163.9897441,1.708996853
26,7,118.3536689,,,,190.2716561,2.688379832
26,8,129.7471677,,,,228.3846435,2.430578917
26,1,143.0347536,,,,23.96710583,2.876798966
26,2,157.5699676,,,,51.86027294,2.090590689
26,3,175.7005331,,,,81.16185695,2.170821363
26,4,204.1714932,,,,107.7791443,1.786811776
26,5,217.5674986,,,,134.8666986,2.000966762
26,6,234.8675282,,,,166.4364506,1.443111371
26,7,248.352259,,,,197.2216016,2.258659827
26,8,261.5571672,,,,228.224483,2.600156641
26,1,276.2354185,,,,22.22750418,2.590503198
26,2,290.6359541,,,,48.55380966,2.23975631
26,3,304.465758,,,,80.95094036,2.120837164
26,4,318.4641195,,,,107.7974329,1.947474426
26,5,331.9747734,,,,137.1595308,2.272808629
26,6,350.0242991,,,,166.8678035,2.465505378
26,8,367.2984146,,,,201.25,2.080773176
26,8,384.1414072,,,,226.4203627,1.974904509
26,1,400.5424818,,,,23.09012937,2.147637403
26,2,415.421423,,,,53.21492394,2.277999873
26,3,429.5307403,,,,81.49644508,2.421823338
26,4,444.2551186,,,,107.750091,2.882110596
26,5,459.8245992,,,,136.5422026,2.294248725
26,6,474.5839664,,,,164.2767818,2.265085471
26,7,488.3135099,,,,196.9746079,2.046675483
26,8,504.2339522,,,,229.8625728,2.223228317
26,1,516.6492297,,,,22.34292786,2.519545924
26,2,530.5146343,,,,50.92068363,3.260578844
26,3,546.8205469,,,,76.69661219,2.661088747
26,4,564.4302661,,,,103.9407848,1.960918646
26,5,576.3010953,,,,131.577284,2.859982653
26,6,594.8019365,,,,158.7085119,1.824686505
26,7,609.0330701,,,,179.7342504,1.981493112
26,8,621.6087682,,,,229.3319015,2.316117762
26,1,632.3258249,,,,4.575941855,2.832058961
26,3,646.5638434,,,,57.5,2.520208218
26,4,662.6113558,,,,86.25,2.322896632
26,5,679.1222744,,,,115,3.043568689
26,6,695.180637,,,,143.75,1.825791567
26,6,710.3858843,,,,167.4522685,2.392668051
26,7,725.4932079,,,,191.2197162,1.897213509
26,8,737.5631767,,,,229.1156578,2.68575243
26,1,751.7285719,,,,24.45174481,2.575449992
26,2,769.4112143,,,,50.06851072,2.704981134
26,3,783.2120443,,,,80.27097983,2.758766934
26,4,801.4785469,,,,110.1537683,1.950011529
26,5,817.9676944,,,,134.2336265,1.521740885
26,6,830.5145872,,,,164.9253545,2.61490728
26,7,843.4056017,,,,193.1816611,2.553685645
26,8,858.269702,,,,229.7246086,1.441823234
26,1,868.8898199,,,,21.76908052,2.955925541
26,2,883.6183189,,,,53.06351637,2.129850712
26,3,897.9701654,,,,74.01537633,3.33101632
26,4,913.4965534,,,,103.8869955,2.076223632
26,5,929.742774,,,,135.0284811,1.527129392
26,6,944.3732434,,,,155.3257784,2.227883835
26,7,956.7563935,,,,183.3177732,2.525449322
26,8,969.4256738,,,,228.8811523,2.376267972
26,1,984.8044185,,,,18.87268525,1.693917284
26,2,998.3408262,,,,49.86150807,2.271765201
27,7,0.828445553,,,,199.3333333,2.313569865
27,8,14.53735288,,,,228.6479793,1.747382092
27,1,29.03482644,,,,22.83947162,2.736176379
27,2,43.73750468,,,,47.69512113,1.999049154
27,3,57.5049361,,,,69.29016772,2.032204104
27,4,76.8183164,,,,102.3013086,1.954255574
27,5,89.17517394,,,,134.9888979,2.384384138
27,6,101.2388856,,,,166.5811771,2.223391598
27,7,114.2700406,,,,195.444956,2.343871007
27,8,127.6848816,,,,229.2308125,1.865744279
27,1,141.3721785,,,,23.32616294,2.671033273
27,2,154.872296,,,,53.1083391,2.025855121
27,3,173.3566539,,,,80.67031969,2.629754254
27,4,200.1302977,,,,107.1539235,3.023275762
27,5,213.1279939,,,,133.9860831,3.522148376
27,6,230.6658086,,,,167.4782242,2.130965517
27,7,246.5687242,,,,196.1099326,1.960184585
27,8,260.00641,,,,229.5806346,2.247599462
27,1,273.7175695,,,,15.79405981,2.635999488
27,2,286.6416846,,,,51.03955557,2.433476784
27,4,301.9671882,,,,86.25,1.454705062
27,5,314.7657053,,,,115,3.62461341
27,5,329.0750708,,,,139.3552762,1.628311336
27,7,347.7399007,,,,172.5,1.964595196
27,8,365.3295851,,,,201.25,2.468799799
27,8,381.7255573,,,,228.4950753,2.237316357
27,1,397.9070879,,,,20.78613406,2.241170893
27,2,413.5403535,,,,51.19730893,2.267215314
27,3,427.5679402,,,,79.17325471,2.300102216
27,4,441.7396325,,,,104.1679426,2.152968887
27,5,456.6829182,,,,138.6484441,2.547387071
27,6,470.9535436,,,,167.6793469,2.335182883
27,7,486.2245651,,,,197.2055464,3.098589259
27,8,501.2192055,,,,227.1484568,2.762497596
27,1,514.1062826,,,,22.54486668,1.806468297
27,2,528.4967974,,,,50.19541762,2.868644013
27,3,543.2305172,,,,70.72159691,2.582365592
27,4,558.7904527,,,,101.697856,1.763681777
27,5,572.0448751,,,,125.0540125,1.984482851
27,6,587.2436584,,,,146.1564167,1.889324005
27,7,598.1747181,,,,184.0268003,2.873676373
27,8,611.0692969,,,,229.8325909,2.343355908
27,1,623.7899651,,,,18.7396584,2.017574538
27,2,639.8609979,,,,45.73926971,1.986367036
27,3,657.0946298,,,,77.61404241,2.297042149
27,4,672.9063875,,,,107.7355051,2.388008446
27,5,689.049491,,,,139.6057289,1.907856577
27,6,708.2762178,,,,166.9373895,1.774332388
27,7,720.2063576,,,,196.6479188,2.746331763
27,8,733.514586,,,,226.4055867,3.030373036
27,1,750.0596382,,,,23.863728,1.455005942
27,2,766.6638793,,,,49.35896313,2.057458923
27,3,781.0447644,,,,82.2332294,2.390477214
27,4,798.9933145,,,,110.199017,1.956558693
27,5,811.7140847,,,,136.9527163,2.930331221
27,6,827.6178705,,,,166.2243427,2.504737958
27,7,840.2461138,,,,190.1842996,2.83657374
27,8,854.1462776,,,,229.3421079,2.422262517
27,1,866.5281503,,,,22.35331214,2.197504029
27,2,881.5353167,,,,44.06376496,2.411704174
27,3,894.2972252,,,,76.77331209,2.796281843
27,4,908.144045,,,,106.5142388,2.807003017
27,5,924.0317197,,,,137.515676,1.780450491
27,6,936.6644835,,,,163.6178695,2.185390915
27,7,949.655785,,,,196.5560259,2.450213782
27,8,964.7808479,,,,227.5691914,2.648643545
27,1,978.9733695,,,,23.1462084,1.903573213
27,2,994.9784665,,,,50.50392795,2.024791956
28,8,9.645534369,,,,228.9964469,2.676210603
28,1,26.87468485,,,,18.37581743,1.396934612
28,2,38.8327334,,,,42.43234469,2.618265196
28,3,49.15940021,,,,80.70699757,2.56303725
28,4,70.3203478,,,,102.727595,2.293862734
28,5,85.50080707,,,,131.4488013,1.87690282
28,6,98.57681611,,,,158.4785313,2.23978781
28,7,111.7933497,,,,192.766949,2.655057453
28,8,124.427479,,,,229.5499545,1.863739424
28,1,139.3415647,,,,15.872127,1.948221917
28,2,152.70449,,,,40.77137398,2.517683369
28,3,171.2349042,,,,81.99767723,3.388922884
28,4,197.5350741,,,,103.7855298,5.20147023
28,5,210.3558458,,,,135.0777618,5.546723687
28,6,228.3092356,,,,164.5578186,1.605652915
28,7,243.9464878,,,,182.529452,2.185317136
28,8,255.2510092,,,,228.6808486,2.868606636
28,1,268.8025685,,,,17.91978946,2.121807953
28,3,283.9868639,,,,57.5,1.855862836
28,4,299.4325638,,,,86.25,1.89242086
28,5,312.4607371,,,,115,2.346559976
28,5,326.3761251,,,,136.8460484,2.300255812
28,7,345.6686197,,,,172.5,1.762448356
28,8,362.3722925,,,,201.25,2.356057333
28,8,379.2165872,,,,228.072119,2.373939355
28,1,394.353648,,,,22.91306649,2.648760189
28,2,410.7604274,,,,51.8706278,3.381095068
28,3,424.4912312,,,,81.40030034,2.375225708
28,4,436.7084138,,,,109.9279642,2.00887475
28,5,454.680256,,,,132.7142507,1.954685553
28,6,468.8891857,,,,158.7003384,2.009583976
28,7,484.9193087,,,,187.6439978,1.53868947
28,8,498.385555,,,,229.2349857,2.046352602
28,1,510.6713298,,,,8.921524314,2.283892926
28,2,525.9504436,,,,35.03416971,1.920042134
28,3,537.2172698,,,,60.55501314,2.581379265
28,4,551.2481941,,,,96.20596816,1.882910466
28,5,562.6237871,,,,121.4670906,2.986920789
28,6,573.3002674,,,,162.195396,2.720387859
28,7,592.1812806,,,,194.4475684,2.242888565
28,8,604.9762397,,,,229.9455556,2.268436635
28,1,618.828393,,,,23.47092612,2.343357584
28,3,633.9402743,,,,57.5,2.822022769
28,3,653.3350307,,,,79.32517198,2.835922437
28,4,669.8643149,,,,107.9538674,2.671579306
28,5,686.8772778,,,,138.0340801,2.516371733
28,6,705.1411736,,,,167.9377468,1.990280422
28,7,718.5306383,,,,196.3526098,1.713432311
28,8,731.5636257,,,,229.8153902,2.290772175
28,1,746.7013894,,,,23.45573474,2.674665097
28,2,762.7070388,,,,47.93538445,2.284478203
28,3,779.3644428,,,,80.05939583,2.020865438
28,4,796.5395251,,,,105.657821,1.186248197
28,5,809.3944549,,,,128.4923726,2.390085389
28,6,825.112356,,,,154.9672241,2.257875814
28,7,836.3450341,,,,189.2376354,2.257401749
28,8,850.8184243,,,,229.0335932,1.995939284
28,1,863.6172625,,,,18.72137696,2.415266083
28,2,875.964055,,,,50.12070552,2.81243092
28,3,890.9081935,,,,77.37710255,2.937552499
28,4,905.120977,,,,108.1463055,2.025388738
28,5,920.5301766,,,,137.113589,2.377306057
28,6,932.6001623,,,,165.753325,2.539121499
28,7,947.7400444,,,,196.5057794,2.268378537
28,8,962.5721765,,,,228.7450518,2.164925949
28,1,976.0295418,,,,20.77121481,2.130576083
28,3,991.5232611,,,,57.5,2.578552769
29,8,6.948094499,,,,227.8166507,2.447818438
29,1,19.4482939,,,,20.99724957,2.401812836
29,2,33.07790943,,,,49.29700994,2.328740463
29,3,46.99673074,,,,74.6201027,2.140775648
29,4,64.97024343,,,,104.2921625,1.121034779
29,5,78.94681899,,,,131.7538823,2.174424609
29,6,92.31663887,,,,160.5400972,2.380102735
29,7,108.598296,,,,192.2978708,1.655791513
29,8,121.2669592,,,,229.664059,1.908782524
29,1,132.7315,,,,21.90216277,2.336145546
29,2,146.0600381,,,,51.98928077,2.768543104
29,3,169.980133,,,,71.09495755,1.21138237
29,4,195.3790548,,,,88.95923682,1.094971232
29,5,208.7923574,,,,115,2.143394573
29,6,223.3628481,,,,143.75,1.973166217
29,8,235.3799746,,,,201.25,2.149471791
29,8,250.3649508,,,,229.6387077,2.380452906
29,1,263.6983315,,,,24.66343259,2.121062208
29,3,282.6970773,,,,57.5,2.029479386
29,4,295.2931284,,,,86.25,1.939587412
29,4,309.3775631,,,,109.6269708,1.869353199
29,5,323.3747408,,,,137.9179574,1.794112373
29,7,342.7586425,,,,172.5,2.153959075
29,8,361.3413271,,,,201.25,2.15835792
29,8,377.4413843,,,,229.3260002,1.895440459
29,1,392.1500006,,,,21.75992981,2.022142204
29,2,409.0954721,,,,50.02741846,2.051917832
29,3,422.4494464,,,,77.79257644,1.874608028
29,4,434.1835994,,,,109.1741757,2.33107462
29,5,449.0344634,,,,137.301906,2.775819065
29,6,462.0222611,,,,166.6277016,2.246550401
29,7,476.0767173,,,,191.0075563,2.148982714
29,8,489.3560195,,,,229.2970938,2.076118189
29,1,501.9894535,,,,14.95001246,2.469413628
29,2,514.2497471,,,,48.77345757,2.480254891
29,3,527.263294,,,,79.43573553,2.461487551
29,4,541.2668211,,,,109.946553,2.41861082
29,5,555.1636263,,,,136.2157486,2.625354106
29,6,569.5123502,,,,167.8085999,2.087069643
29,7,589.1483918,,,,196.2707951,1.957005306
29,8,602.6808196,,,,227.4372669,2.140400218
29,1,616.575611,,,,25.06605539,1.407916428
29,2,631.4489884,,,,48.13145595,3.010199698
29,3,650.8932051,,,,80.01319122,2.485263951
29,4,667.226874,,,,110.5102866,1.901211533
29,5,684.6057852,,,,139.365687,1.669067892
29,6,702.848907,,,,167.6831627,2.263827622
29,7,715.6724045,,,,192.8682354,2.949070459
29,8,728.6613308,,,,228.5225214,2.312275959
29,1,744.721977,,,,21.65022315,3.419797016
29,2,758.5202553,,,,52.89896927,2.803530216
29,3,776.3010997,,,,76.64281149,3.292761434
29,4,788.6641251,,,,106.1398781,2.82073433
29,5,803.0107384,,,,131.3759255,2.656871314
29,6,817.3471921,,,,157.951,2.330052453
29,7,831.0237107,,,,188.9145786,2.461489184
29,8,844.5461159,,,,229.8959353,2.195298239
29,1,859.465081,,,,20.23775054,2.343448688
29,2,873.3402415,,,,51.98166419,2.289732868
29,3,887.8876866,,,,78.4844091,2.391154298
29,4,901.7370861,,,,109.8329163,2.20613292
29,5,917.7386088,,,,137.0265197,2.15117825
29,6,929.943072,,,,161.995669,2.202824778
29,7,945.6485854,,,,187.432175,1.878882023
29,8,959.1491947,,,,229.9272843,2.195762874
29,1,972.2846461,,,,20.18278592,2.572880131
29,3,986.9879671,,,,57.5,2.556204061
29,3,1005.901519,,,,78.63347066,1.1806903
30,8,2.662962048,,,,228.7869661,2.878999599
30,1,16.22041938,,,,21.72668891,2.375503278
30,2,29.55540867,,,,51.25972043,2.485394533
30,4,41.56416833,,,,86.25,2.393870561
30,5,55.41849916,,,,115,2.640208585
30,5,73.42990308,,,,137.0797381,1.613427305
30,6,87.29168653,,,,166.3844866,2.379105067
30,7,103.1917402,,,,192.4761245,2.292404083
30,8,116.231246,,,,229.2884075,2.067447758
30,1,129.8002455,,,,20.90312798,2.183822249
30,2,144.0695619,,,,46.87111776,2.118718085
30,3,157.4695972,,,,75.31723364,2.329798966
30,4,171.5969111,,,,110.3750471,1.681966373
30,6,192.8060476,,,,143.75,1.279805095
30,6,207.4979592,,,,165.5605761,2.690775697
30,8,233.9190834,,,,201.25,1.52428897
30,8,248.640649,,,,229.2966272,2.43896416
30,2,261.7716707,,,,28.75,2.971798895
30,3,280.0277735,,,,57.5,1.844425898
30,3,292.220948,,,,75.24085981,2.298034813
30,4,306.5032914,,,,109.1146666,2.139113811
30,5,320.1240846,,,,139.2978829,2.205283588
30,7,341.0208167,,,,172.5,2.292487129
30,8,360.3959334,,,,201.25,1.429115344
30,8,375.1732156,,,,227.7288289,1.656701672
30,1,388.6932357,,,,8.103845601,2.006672657
30,2,405.4537173,,,,37.92687379,1.526569786
30,3,417.9378774,,,,61.80832262,2.367063523
30,4,431.6843983,,,,97.14034652,2.376933387
30,5,446.7115115,,,,124.5802173,1.897857055
30,6,459.4083432,,,,154.0331243,2.22806872
30,7,471.3105349,,,,186.7884197,2.600608652
30,8,483.0753137,,,,225.4287723,2.269450974
30,1,496.4010874,,,,24.31107386,3.226876339
30,2,510.7313416,,,,51.21097995,2.662271169
30,3,524.4949418,,,,81.18290487,2.627687501
30,4,539.1774204,,,,110.1698758,1.936080201
30,5,552.2938224,,,,134.618806,2.73661804
30,6,567.2645095,,,,165.8698222,1.616843649
30,7,586.6040937,,,,191.5508242,1.335788331
30,8,599.0520458,,,,228.1265762,2.135375149
30,2,613.9590177,,,,28.75,1.958820604
30,3,628.3367218,,,,57.5,2.06279682
30,3,648.3836894,,,,82.06847057,2.297738109
30,4,664.8653728,,,,110.2627986,2.101670638
30,5,681.9789819,,,,136.8270921,2.423387022
30,6,700.7211667,,,,161.2943634,2.022484706
30,7,712.8302328,,,,185.9333453,2.536798455
30,8,725.808884,,,,229.3176124,2.161670257
30,1,742.6458956,,,,17.20361464,1.866923802
30,2,756.8790992,,,,45.34746973,2.124954819
30,3,773.3834305,,,,72.02097702,2.131036521
30,4,785.5230559,,,,99.62681321,2.473220108
30,5,798.3533527,,,,129.2652546,2.857208513
30,6,811.1031266,,,,168.1165958,2.916730156
30,7,826.0123455,,,,195.8025208,2.426920459
30,8,840.4976428,,,,229.583655,2.240556536
30,1,855.8327209,,,,13.04751526,1.981087791
30,2,870.9302067,,,,45.19048816,1.717418565
30,3,884.6400539,,,,71.62745948,1.946455414
30,4,899.3949409,,,,98.33140808,1.857852096
30,5,914.6131215,,,,122.8567027,1.874170408
30,6,925.1744989,,,,154.355669,2.802266862
30,7,938.2943052,,,,187.5571048,2.15453782
30,1,950.7912719,,,,0,2.553909691
30,2,968.9548314,,,,28.75,1.906049019
30,2,982.4532993,,,,50.02593653,2.3630421
30,3,999.4506073,,,,80.68190293,2.265052156
